"file.text","file.place_full_name","file.geo_coords","file.coords_coords"
"There is not a cold or fever that this #ramen won't cure #cold #flu #fever #notfellingwell  #fever #terakawa terakawaphilly  5 stars always @ Terakawa Ramen - Philadelphia https://t.co/EeQcSLBAYj","Philadelphia, PA","39.9554 -75.15448","-75.15448 39.9554"
"We're told to wash our hands constantly during #cold and #flu season. Most soaps out there use perfumes &amp; other ingredients that dry out your #skin. Not so with our #Coconut #Oil &amp; #Goatâ€¦ https://t.co/UEQA08TPLl","San Francisco, CA","37.76628 -122.4217","-122.4217 37.76628"
"This videoâ€™s so sick!!! #broom #room #brielarson #capatainmarvel #flu @ Denver, Colorado https://t.co/nd3RK7Qc4E","Denver, CO","39.7391 -104.9836","-104.9836 39.7391"
"Says the doctor, â€œInfluenza, Conjunctivitis, good heart shit, good pressure.â€ Oh, and a BRAND NEW CPAP machine! #flu #kaiserpermanente @ Union Station,â€¦ https://t.co/QdSPc2FmB3","Washington, DC","38.89972008 -77.00530868","-77.00530868 38.89972008"
"#Flu #BGOD #BENTLEYGANG #Nyc #LA #Brooklyn #Worldwide #recordlabel #Hiphop #flstudio #Producer #ableton #protools #Rapper #Beats #studio #Dj #Rap #knuckleUp #ComeUpDvd #artistâ€¦ https://t.co/bP0Te2h5u2","Brooklyn, NY","40.65 -73.95","-73.95 40.65"
"How will I get anything done when I keep getting sick? 
The boy and I are out hard with colds today. I reckon he feels kinda like he looks in this photo. 
<U+0001F915><U+0001F912>
-
-
-
#sick #flu #boy #baeâ€¦ https://t.co/KGEZ9xBY5n","MontrÃ©al, QuÃ©bec","45.51025885 -73.57954683","-73.57954683 45.51025885"
"The embodiment of #murphyslaw = #aircast + #flu + #7monthspregnant #goingonvacation #ugh @ Bloor West Village https://t.co/mvSuo1lztk","Toronto, Ontario","43.6508 -79.4775","-79.4775 43.6508"
"Trying to clean around this little sickie poo.  Poor kiddo <U+0001F625>   At least the animals are on watch. Good little caregivers.                                                #clean #diy #flu @â€¦ https://t.co/A7kCJHmkZa","Wisconsin, USA","44.6342799 -88.16058","-88.16058 44.6342799"
"My baby, my company. #Day61 #365photochallenge #aussie #bordercollie #dogmom #doggo #flu @ Houston, Texas https://t.co/aZjWX7pGAg","Houston, TX","29.7602 -95.3694","-95.3694 29.7602"
"#flu got me like <U+0001F637> @ University Park, Texas https://t.co/raIQiGtv7P","University Park, TX","32.84536 -96.79699","-96.79699 32.84536"
"Exactly a year ago the flu knocked me on my ass but I had a brand new puppy to take care of me. <U+0001F436><U+2764><U+FE0F>

#rosiecam #puppy #puppiesofinstagram #flu #throwback #ayearagotodayâ€¦ https://t.co/UZ4by88m4s","Charlottesville, VA","38.03213 -78.47756","-78.47756 38.03213"
"So I'm back on day 3 for a #12hourshift #snow tour n feeling #sick as hell.  Today I'll be trying these zarbees 99% #honey #cough soothers. I'm about to cough up a lung!  <U+0001F62B><U+0001F637><U+0001F92A>
.
Zarbee'sâ€¦ https://t.co/vMuRAP0OD2","Queens, NY","40.77195338 -73.87288343","-73.87288343 40.77195338"
"#Flu #mood #USMC #Leatherneck4life @ Castle Rock, Colorado https://t.co/mm0Fe0LVe3","Castle Rock, CO","39.3724 -104.8579","-104.8579 39.3724"
"Wonder why BMC has been MIA? #fluseason #undertheweather #hightemperature #sicknessisnofun #wanttogetbetter #cantwaitforspring @ BearMtnCrochet https://t.co/Lq9v85PMog","Maine, USA","44.3833168 -70.2616004","-70.2616004 44.3833168"
"GERMS BEWARE!  @nationalpta and lysol just donated 10 cases of wipes to our school, so weâ€™re ready to #fightflu <U+0001F499> @ Dr. John Folks Middle School  -  NISD https://t.co/jtvi3b9DGF","Texas, USA","29.53564288 -98.73589947","-98.73589947 29.53564288"
"I'm sick with the #flu today, which sucks, but it does give me a chance to get my #Oscar angst out by watching #SpikeLee and #RyanCoogler classics. #BlackPanther #BlacKkKlansman #MalcomXâ€¦ https://t.co/Muc6PFDnFd","Cottage Grove, MN","44.8335 -92.9583","-92.9583 44.8335"
"Since last #tuesday I had the most rigorous #absworkout ever in the longest time!!! With this #fever #bodyaches and #cough that would turn into a #spaticcough which would #exercise theâ€¦ https://t.co/iDeE9Ps6zC","Austin, TX","30.2677 -97.7475","-97.7475 30.2677"
"Today is supposed to be his last day on the antiviral... he actually looked so well yesterday too but today Iâ€™m not so sure #deardiary #flu #sickinbed @ Rockville, Maryland https://t.co/MhePs2ZqNe","Rockville, MD","39.08361111 -77.14833333","-77.14833333 39.08361111"
"Hello darkness my old friend......
.
#flu #stomach #dehydrated #aching #ugh @ Kansas City, Missouri https://t.co/b7HK4p8Ju7","Kansas City, MO","39.1022 -94.5809","-94.5809 39.1022"
"My throat hurts so bad but I can do the movie guy voice perfectly.

#movie #movieguyvoice #movievoice #cough #throat #love #family #famiglia #integrity #thissummer #pablofrancisco @ Simiâ€¦ https://t.co/HTm5P8yQD1","Simi Valley, CA","34.2711 -118.739","-118.739 34.2711"
"Sick. Again. FUUUUUUUUUUUU!!!!! #flu #damnvirus #sick #ohwell #sleep #haveagreatday #smile #getwellsoon @ Fat Guy Senton City https://t.co/CPvBmjFBCT","Twin Falls, ID","42.5544029 -114.4219903","-114.4219903 42.5544029"
"Truth!!!

#KnowlegeIsPower #Dexcom #DexcomG6 #CapitalismIsGood #T1D #FirstWorldProblems #Insights #Diabetes #Wisdom #Fatigue #LowLevelsSuck #DiabetesAwareness #KruseT1D #CureT1Dâ€¦ https://t.co/sWb65jXs4e","Illinois, USA","41.20627092 -90.44297658","-90.44297658 41.20627092"
"#KnowlegeIsPower #Dexcom #DexcomG6 #CapitalismIsGood #T1D #FirstWorldProblems #Insights #Diabetes #Wisdom #Fatigue #LowLevelsSuck #DiabetesAwareness #KruseT1D #CureT1D #NewSensorâ€¦ https://t.co/CA7eViNK24","Illinois, USA","41.20627092 -90.44297658","-90.44297658 41.20627092"
"#KnowlegeIsPower #Dexcom #DexcomG6 #CapitalismIsGood #T1D #FirstWorldProblems #Insights #Diabetes #Wisdom #Fatigue #LowLevelsSuck #DiabetesAwareness #KruseT1D #CureT1D #T1DLooksLikeMeâ€¦ https://t.co/I0HwdEfu1Y","Illinois, USA","41.20627092 -90.44297658","-90.44297658 41.20627092"
"#KnowlegeIsPower #Dexcom #DexcomG6 #CapitalismIsGood #T1D #FirstWorldProblems #Insights #Diabetes #Wisdom #Fatigue #LowLevelsSuck #DiabetesAwareness #KruseT1D #CureT1D #T1DLooksLikeMeâ€¦ https://t.co/E0qxzYcVf1","Illinois, USA","41.20627092 -90.44297658","-90.44297658 41.20627092"
"Check me out #hawaiianshirtfriday on Wednesday.  #backpain #headache #aspenlasers #rocktape #ifinstl @ Chesterfield, Missouri https://t.co/5h9CkgT0pZ","Chesterfield, MO","38.6534 -90.5543","-90.5543 38.6534"
"Just a typical day at the studio<U+0001F937><U+0001F3FE><U+200D><U+2642><U+FE0F><U+0001F919><U+0001F3FE> we work, and freestyle<U+0001F525><U+0001F4AF><U+0001F4AA><U+0001F3FE> sneezeblessesyou blessing yâ€™all with a effortless dope off the dome freestyle<U+0001F3B6><U+0001F64F><U+0001F3FE> #PGBSZN #Sneeze #Music #Freestyle @â€¦ https://t.co/GjeUP2F2cL","Richmond, VA","37.5373 -77.4371","-77.4371 37.5373"
"Yâ€™all. <U+0001F602><U+0001F602><U+0001F602><U+0001F602><U+0001F602> When the preachers sore throat becomes .... well, HILARIOUS!! 

This wife hopes this makes you laugh as much as it made me!! 

#laughter #funnyvideos #sorethroat #wednesdayâ€¦ https://t.co/R98CNJgmIH","Russellville, AR","35.2783 -93.13481","-93.13481 35.2783"
"Someone, just kill me. Lol! Fever, chills, headache, and stomach discomfort. <U+0001F644> #flu2019 @ Elk Grove, California https://t.co/MiGeUIZL8Z","Elk Grove, CA","38.4382 -121.382","-121.382 38.4382"
"Borrowed this from @obnxs1 behold the truth #numbersdontlie #gunchannels #cdc #gun #guns #gunsofinstagram #gunsdaily #gunsdontkillpeople @ North Carolina https://t.co/zuMupHC3fV","North Carolina, USA","35.5 -80","-80 35.5"
"Another full day @CaDanceClassics Today is Nadiaâ€™s contemporary competition!
#CDC #californiadanceclassics 
#dance #dancecompetitions #contemporarydance #classicalballet #classicbeautyâ€¦ https://t.co/QcrJfboyXT","Downey, CA","33.939197 -118.129649","-118.129649 33.939197"
"I hate you! #flu2019 @ Henry County, Georgia https://t.co/yTA4HvpXnB","McDonough, GA","33.42668991 -84.17788535","-84.17788535 33.42668991"
"To complement my post from yesterday #Fitness #FitnessMagazine #Bikini #BikiniReady #CrashDiet #Energy #WantMoreEnergy #Headache #Headaches #Starving #Starve #DontStarveYourselfâ€¦ https://t.co/pzkcy4D2h9","Manhattan, NY","40.7142 -74.0064","-74.0064 40.7142"
"Covering up #headache/#migraine symptoms with medications without addressing the root causes will never correct the problem, and may simply allow it to get worse with time.

Work with aâ€¦ https://t.co/5iggJt2J8r","La Grange Park, IL","41.8297 -87.8692","-87.8692 41.8297"
"Letâ€™s talk. I want you to know that if you suffer from #PMS #constipation #bloating #endometriosis #hotflashes memory fog #thyroid dysfunction and #fatigue <U+0001F449><U+0001F3FD> This does not have to be aâ€¦ https://t.co/nROwtPpFZY","Toronto, Ontario","43.7166 -79.3407","-79.3407 43.7166"
"#LetsTalk - if you suffer from #PMS #endometriosis #thyroid dysfunction, #fatigue #hotflashes #constipation #bloating or #pelvicpain or #incontinence <U+0001F449><U+0001F3FD> this does not have to be your dailyâ€¦ https://t.co/jJ36lctQEQ","Toronto, Ontario","43.7166 -79.3407","-79.3407 43.7166"
"#exhausted #lifeofaninsuranceagent #workhard #hustle #glasses #headache #stress #mood #igotthis #arabalabama #wine #relax #longday #worklate #overtime #insurance @ Arab, Alabama https://t.co/JndSL4NCyw","Arab, AL","34.3279 -86.4986","-86.4986 34.3279"
"#breakfast time! #biscuitsandgravy for me! #starving with a #headache! Living a #stressful #life sucks balls! Lol. #goodmorning @ Loaded Cafe Restaurants https://t.co/uif8cGxxwQ","Santa Ana, CA","33.73801 -117.91794","-117.91794 33.73801"
"#positive #love #happy #motivation #inspiration #life #positivevibes #success #quotes #instagood #lifestyle #smile #goals #happiness #goodvibes #quote #positivity #health #entrepreneurâ€¦ https://t.co/Anf1AcKWAI","Chicago, IL","41.89972222 -87.65","-87.65 41.89972222"
"#nutrition #motivation #health #healthy #lifestyle #eatclean #healthyfood #exercise #food #cleaneating #goals #inspiration #instafit #protein #love #instagood #vegan #healthyeatingâ€¦ https://t.co/3KTeR5Wk0v","Chicago, IL","41.89972222 -87.65","-87.65 41.89972222"
"#positive #love #happy #motivation #inspiration #life #positivevibes #success #quotes #instagood #lifestyle #smile #goals #happiness #goodvibes #quote #positivity #health #entrepreneurâ€¦ https://t.co/lZRALOvmsA","Chicago, IL","41.89972222 -87.65","-87.65 41.89972222"
"#nutrition #motivation #health #healthy #lifestyle #eatclean #healthyfood #exercise #food #cleaneating #goals #inspiration #instafit #protein #love #instagood #vegan #healthyeatingâ€¦ https://t.co/FFIzzDdPKT","Chicago, IL","41.89972222 -87.65","-87.65 41.89972222"
"Madly in Love <U+0001F49A>

#Fitbit #FitbitAlta #Strong #MakeAFitChoice #FitbitFriend #FitForGood #health #fitness #fit #fitnessmodel #fitnessaddict #fitspo #workout #bodybuilding #cardio #gymâ€¦ https://t.co/endDaM99vr","Daytona Beach, FL","29.21344 -81.09891","-81.09891 29.21344"
"#GOD
#health
#family
#food
#beauty

In that order! #hustler 

""We do what we must today, so we can do what we want tomorrow""

Lets get it! @ Planet Fitness https://t.co/OqxzpgJQt9","Georgia, USA","33.93947477 -84.12346512","-84.12346512 33.93947477"
"<U+0001F970>OH HEY WE ARE PRESENT AT THE GYM  ELIC CHEST NIGHT <U+0001F44F><U+0001F3FB><U+0001F4AA><U+0001F3FB><U+261D><U+0001F3FB>
<U+0001F4AA><U+0001F3FB><U+0001F4AA><U+0001F3FB><U+0001F4AA><U+0001F3FB><U+0001F4AA><U+0001F3FB><U+0001F4AA><U+0001F3FB><U+0001F525>
<U+0001F525>
<U+0001F525>
<U+0001F525>
<U+0001F525>
#health #fitness #fit #lafitnesslifestyle #lafitness #fitnessmodel #fitnessaddict #fitspo #workoutâ€¦ https://t.co/nB1NaQhcKy","South Miami, FL","25.70566 -80.28636","-80.28636 25.70566"
"Working a little core today... #core #gym #gymlife #fitness #health #myjourney #determination #workoutmotivation #workoutanytime #texas #girlswholift #fitfam #bodygoals #abs @ McKinney,â€¦ https://t.co/zlzn8Cztwk","McKinney, TX","33.1972 -96.6397","-96.6397 33.1972"
"Parmesan Risotto, Steak <U+0001F969> with Creamed Peas and Red Onions
.
.
.
.
.
#steak #peas #health #food #parmesan #herbs #creamcheese #redonion #mealprep #dinner #mealâ€¦ https://t.co/IMfHfVFicO","Arlington, TX","32.77981789 -97.09144834","-97.09144834 32.77981789"
"Yeap....

#fitnessgirl #gym #fitgirls #workout #motivation #fitnessmotivation #bodybuilding #training #love #instagood #like #lifestyle #health #gymlife #healthy #fitsport #photoofthedayâ€¦ https://t.co/PN4tiyDafB","Leisure City, FL","25.49403985 -80.4339416","-80.4339416 25.49403985"
"Stay strong...no matter what happend...no matter....

#fitnessgirl #gym #fitgirls #workout #motivation #fitnessmotivation #bodybuilding #training #love #instagood #like #lifestyle #healthâ€¦ https://t.co/ABlvIh1K63","The Hammocks, FL","25.65722791 -80.42688598","-80.42688598 25.65722791"
"Yeap....

#fitnessgirl #gym #fitgirls #workout #motivation #fitnessmotivation #bodybuilding #training #love #instagood #like #lifestyle #health #gymlife #healthy #fitsport #photoofthedayâ€¦ https://t.co/66cAkznyt1","Leisure City, FL","25.49403985 -80.4339416","-80.4339416 25.49403985"
"Never assume....think before you dip....

#fitnessgirl #gym #fitgirls #workout #motivation #fitnessmotivation #bodybuilding #training #love #instagood #like #lifestyle #health #gymlifeâ€¦ https://t.co/A1Z5XQEPwU","Leisure City, FL","25.49403985 -80.4339416","-80.4339416 25.49403985"
"Even the coldest heart can be melted by love....

#fitnessgirl #gym #fitgirls #workout #motivation #fitnessmotivation #bodybuilding #training #love #instagood #like #lifestyle #healthâ€¦ https://t.co/RBheAr8BqR","Leisure City, FL","25.49403985 -80.4339416","-80.4339416 25.49403985"
"#team #filfilfoods #tasting thefreshmarket #montvale #nj #family is always #onbrand #addingyummytolife #garlic #love #health and #happiness @ The Fresh Market https://t.co/J3kp8SjDjq","Montvale, NJ","41.048457 -74.071772","-74.071772 41.048457"
"Day 15 - are you really ready to seek help for what health issues you may have? 

#headaches #performance #health #wellness #chiropractor #chiropractic #Yoga #fuelhotyogaâ€¦ https://t.co/O4LtROmWBF","Athens, GA","33.91445 -83.34582","-83.34582 33.91445"
"Thoughtful Thursday 

#loveandhappiness
#headaches #performance #health #wellness #chiropractor #chiropractic #Yoga #gymnastics #guide2athens #herniateddisc #bulgingdiscâ€¦ https://t.co/QHTozDFNYR","Athens, GA","33.91445 -83.34582","-83.34582 33.91445"
"Wisdom Wednesday 
This one is for everyone, but especially my yoga peeps! 

#headaches #performance #health #wellness #chiropractor #chiropractic #Yoga #fuelhotyoga #gymnasticsâ€¦ https://t.co/jIAyXomw8W","Athens, GA","33.91445 -83.34582","-83.34582 33.91445"
"Day 16 - Love &amp; â€œThe Oneâ€

#loveandhappiness
#headaches #performance #health #wellness #chiropractor #chiropractic #Yoga #gymnastics #guide2athens #herniateddisc #bulgingdiscâ€¦ https://t.co/04OCLjxLFJ","Athens, GA","33.91445 -83.34582","-83.34582 33.91445"
"THU MARCH 7, 2019 - CROSSFIT  https://t.co/t05xXzwezK  #CFComposure #CrossFit #Health #Fitness #Boise #BuildYourBody #USAW","Boise, ID","43.57210511 -116.19088895","-116.19088895 43.57210511"
"FRI MARCH 8, 2019 - CROSSFIT  https://t.co/n5oeBzttNB  #CFComposure #CrossFit #Health #Fitness #Boise #BuildYourBody #USAW","Boise, ID","43.57210511 -116.19088895","-116.19088895 43.57210511"
"Down 4 sizes in 4 months....letâ€™s get it!!! #throwbackthursday

________________________________________

#ketogeniclifestyle #weightlosstransformation #gym #health #ketomealsâ€¦ https://t.co/Lo5mol8NqM","Towson, MD","39.4 -76.6","-76.6 39.4"
"No catchy caption, just a lot of hard work &amp; consistency <U+0001F4AA><U+0001F3FB> #workoutwednesday

_______________________________________

#ketogeniclifestyle #weightlosstransformation #gym #healthâ€¦ https://t.co/IQEw7lHwwz","Catonsville, MD","39.28978967 -76.71787262","-76.71787262 39.28978967"
"steptah me. #bisandtris #muscily #musclegeek #pecsandthecity #healthandfitness #fitness #healthylifestyle #wellness #health #legs #thighs #quads #hams #calves #gym #health #fitnessâ€¦ https://t.co/woaM6e9t0R","Manhattan, NY","40.7728432 -73.9558204","-73.9558204 40.7728432"
"Nervous to apply for a job like ""Join Our Talent Network - Swedish is hiring!"" at Swedish Medical Center? Apply even if you're not a 100% match. You might be underestimating your value. Click the link in our bio for more info. #health #Snoqualmie, WA","Snoqualmie, WA","47.5287132 -121.8253906","-121.8253906 47.5287132"
"Don't be shy. Score a job like ""Distribution Technician"" at Providence Health &amp; Services by asking for referrals. It's a great way to get a meeting with HR. Check out the link in our bio to apply. #health #Everett, WA","Everett, WA","47.9417388 -122.2334664","-122.2334664 47.9417388"
"Nervous to apply for a job like ""Patient Services Representative - Centralized Staff Pool"" at Providence Health &amp; Services? Apply even if you're not a 100% match. You might be underestimating your value. Click the link in our bio for more info. #health #Everett, WA","Everett, WA","47.9417388 -122.2334664","-122.2334664 47.9417388"
"Interested in a job in Seattle, WA? This could be a great fit: https://t.co/gKFu1oBkzN #health #EmeraldCity","Seattle, WA","47.61 -122.33","-122.33 47.61"
"Today was a good day hit 315 on my 5th and 6th sets the quest for 400 is going better than expected 
#fitness  #gym #fit #workout #fitfam #health #bodybuilding  #fitspo  #weightlossâ€¦ https://t.co/VZ70QErXCo","Bronx, NY","40.8726353 -73.8748472","-73.8748472 40.8726353"
"Air max , what is your favorite color? Comment Ws 347-435-5016 .
.
.
.
.
.
.
.
.
.
.
#Airmax #health #fitness #fit #versace #underarmor #fitnessmodel #fitnessaddict #fitspo #workoutâ€¦ https://t.co/YkjW1w8kjL","Manhattan, NY","40.7142 -74.0064","-74.0064 40.7142"
"Versace chain Reaction, what is your favorite color? Comment Ws 347-435-5016 .
.
.
.
.
.
.
.
.
.
.
#Airmax #health #fitness #fit #versace #underarmor #fitnessmodel #fitnessaddict #fitspoâ€¦ https://t.co/5tEAPaSWT7","Manhattan, NY","40.7142 -74.0064","-74.0064 40.7142"
"I neglected to #runselfierepeat but I did the thing. My first run in my new neighborhood. It felt good. W2D3 of #10KTrainer with zenlabsfitness! #everymomentcounts #run #running #healthâ€¦ https://t.co/EDo2r8cTBm","Arlington, Neptune Beach","30.33899199 -81.51775056","-81.51775056 30.33899199"
"Please watch and then join my #Positivity #Podcast on #Patreon!! https://t.co/miEeVuUcPj #health #wellness #lawofattraction #mindfulness #minimalism #spiritualityâ€¦ https://t.co/lkAqHOxQBd","Silverdale, WA","47.6594 -122.677","-122.677 47.6594"
"Bringing you the good in the world daily. Please join today! Just $1 a month. https://t.co/miEeVuUcPj #patreon #positivity #podcast #lawofattraction #health #wellnessâ€¦ https://t.co/n2jpP0cujy","Silverdale, WA","47.6594 -122.677","-122.677 47.6594"
"@hybridfhp hybridhealthandrehab night at the @petesohlhockey ... No better place in #ptbo! #fitness #health #performance #rehab @ Peterborough Memorial Centreâ€¦ https://t.co/pRLFrYqsUF","Peterborough, Ontario","44.28841696 -78.31570436","-78.31570436 44.28841696"
"Join the St. Joseph Health team! See our latest #health job openings, including ""Environmental Services Representative - Environmental Services, Per Diem, Variable Shifts, 8 Hours"", via the link in our bio. #MissionViejo, CA","Mission Viejo, CA","33.6147846 -117.637617","-117.637617 33.6147846"
"Join the St. Joseph Health team! See our latest #health job openings, including ""Coding Quality Auditor"", via the link in our bio. #Anaheim, CA","Anaheim, CA","33.8276052 -117.9073244","-117.9073244 33.8276052"
"Want to work in #Orange, CA? View our latest opening: https://t.co/mEwHy01Y15 #health","Orange, CA","33.81 -117.83","-117.83 33.81"
"Want to work at Providence Health &amp; Services? We're hiring in #Torrance, CA! Click for details: https://t.co/LZbAhZVQa1 #health","Torrance, CA","33.83 -118.33","-118.33 33.83"
"Put in the work, you will never regret it!

@truvefit 
#hellafit #truve #oakland #bootcamp #oaklandfitness #health #exercise #groupfitness #workout #eastbay #bestinoakland #bayareaâ€¦ https://t.co/yJ5n70yIo7","Oakland, CA","37.8029 -122.2721","-122.2721 37.8029"
"We're hiring! Click to apply: Pharmacy Refill Tech - https://t.co/7ORC2c5htH #SantaAna, CA #health","Santa Ana, CA","33.7498845 -117.866534","-117.866534 33.7498845"
"Providence Health &amp; Services is hiring in #Missoula, MT! Read about our latest #health job opening via the link in our bio: Physician Assistant Cardiothoracic Surgery","Missoula, MT","46.8500521 -113.9869641","-113.9869641 46.8500521"
"Our mission is to accelerate healing, restore #health and improve life. We encourage all #healthcare professionals to submit their qualifications to one of our open jobs. Would this be a fit for you? Unit Clerk- (Full-Time Nights 12 hour shifts) https://t.co/DUX0pEeDVv","Florida, USA","27.301922 -82.4462696","-82.4462696 27.301922"
"It is our goal to deliver exceptional patient experiences and maximize #health, healing and recovery for the patients and families we serve. Ready to make a positive change? Apply for our latest opening: Visit LPN - Per Diem https://t.co/v1ok5waDGt #LPN","Deerfield Beach, FL","26.3184123 -80.0997657","-80.0997657 26.3184123"
"It is our goal to deliver exceptional patient experiences and maximize #health, healing and recovery for the patients and families we serve. Ready to make a positive change? Apply for our latest opening: LPN / Licensed Practical Nurse - Home Health,... https://t.co/uHpiSxxzJQ","Fort Pierce, FL","27.4467056 -80.3256056","-80.3256056 27.4467056"
"This #health job might be a great fit for you. Click the link in our bio to see it and more. Patient Services Representative at Providence Health &amp; Services #Polson, MT","Polson, MT","47.6932004 -114.1631275","-114.1631275 47.6932004"
"Are you looking for a new career opportunity? Apply as a Phlebotomist I in #Polson, MT Endless opportunities await! Learn more and explore today! https://t.co/T1eLQsGuxv #health","Polson, MT","47.6932004 -114.1631275","-114.1631275 47.6932004"
"Interested in a job in #Puyallup, WA? This could be a great fit. Click the link in our bio to apply: Internal Medicine at Pacific Medical Centers #health","Puyallup, WA","47.1853785 -122.2928974","-122.2928974 47.1853785"
"Want to work at Swedish Medical Center? We're hiring in Seattle, WA! Click the link in our bio for details on this job and more: Physician Assistant Retail #health #EmeraldCity","Seattle, WA","47.61 -122.33","-122.33 47.61"
"Providence Health &amp; Services is hiring in #Everett, WA! Click the link in our bio to apply: Physician Assistant Trauma Surgery #health","Everett, WA","47.9417388 -122.2334664","-122.2334664 47.9417388"
"If you're looking for work in #SantaRosa, CA, check out this job: https://t.co/kWxf3EDipe #health","Santa Rosa, CA","38.440429 -122.7140548","-122.7140548 38.440429"
"Live from the Tank! Iâ€™m gradually adjusting to the cold after the 3rd session. An excerpt from our conversation on the benefits of cryo. #cryotherapy #newyork #cold #benefits #healthâ€¦ https://t.co/TCpth7JuZN","Manhattan, NY","40.7142 -74.0064","-74.0064 40.7142"
"Getting it in...<U+0001F44A><U+0001F3FE>
.
.

#cableflys #chest #fitchick #bodybuilding #gymrat #nomatterwhat #health #fitness #girlwholifts #girlwithmudcles #fitfam #fitover40 #californiagirl #beastmodeâ€¦ https://t.co/NGIXZNHQjd","Ladera Heights, CA","33.98799884 -118.36715007","-118.36715007 33.98799884"
"Interested in a job in #Spokane, WA? This could be a great fit: https://t.co/M8gJ7IZPRR #health","Spokane, WA","47.6939041 -117.3932074","-117.3932074 47.6939041"
"Are you looking for a new career opportunity? Apply as a Outpatient Secretary in #Spokane, WA Endless opportunities await! Learn more and explore today! https://t.co/VeLx9VlYMe #health","Spokane, WA","47.6939041 -117.3932074","-117.3932074 47.6939041"
"Are you looking for a new career opportunity? Apply as a Care Coordinator/Housing Navigator - Health Homes Program in #Hesperia, CA Endless opportunities await! Learn more and explore today! https://t.co/tnbsEYpFhW #health","Hesperia, CA","34.4263886 -117.3008784","-117.3008784 34.4263886"
"Want to work at St. Joseph Health? We're hiring in #Eureka, CA! Click the link in our bio for details on this job and more: Patient Access Representative - PAR Gastroenterology #health","California, USA","40.8134774 -124.1460963","-124.1460963 40.8134774"
"St. Joseph Health is hiring in #AppleValley, CA! Click the link in our bio to apply: RN Manager, Care Management - Full Time, Days, 8 Hours #health","Apple Valley, CA","34.5008311 -117.1858759","-117.1858759 34.5008311"
"Stop staring at the clock every day. It's time for a new career. Follow us to view jobs with titles like ""Respiratory Therapist - Cardiopulmonary Services"" in #Fortuna, CA. #health","Fortuna, CA","40.5981867 -124.1572756","-124.1572756 40.5981867"
"Career tip for landing jobs like ""Critical Care RN - Intensive Care Unit"" in #Eureka, CA. Go on informational interviews. The best way to get a meeting with a hiring manager is to ask for an informational meeting. #health","California, USA","40.8134774 -124.1460963","-124.1460963 40.8134774"
"If jobs with titles like ""Faculty Family Medicine"" sound appealing to you, follow us to hear about these types of opportunities in #Richland, WA. #health","Richland, WA","46.239409 -119.2934654","-119.2934654 46.239409"
"Want to work in #Richland, WA? View our latest opening: https://t.co/Mm5TbbeVH3 #health","Richland, WA","46.239409 -119.2934654","-119.2934654 46.239409"
"Did you know the CBDistillery 500mg CBD Oil has a QR Scan Code on the back of the tincture that tells you the exact date, batch, and concentration when it was extracted.

Learn more on our website! <U+0001F447>
<U+0001F50E> https://t.co/trK9HunnjA

<U+0001F34F> Online CBD Shop
#cbd #pain #health #LA #thursday https://t.co/3MQlrTFJAU","Los Angeles, CA","34.234368 -118.5390592","-118.5390592 34.234368"
"<U+2757> New Article! Want to know which celebrities are on the CBD trend?

Here is the largest celebrity list, with 24 famous celebrities who use or endorse CBD oil products <U+0001F62E>

<U+0001F447>
<U+0001F50E>  https://t.co/Cxxj3HQkVh

<U+0001F34F> Online CBD Shop
#cbd #LA #cbdshop #pain #health #anxiety #fitness #sleep https://t.co/qWBpRHAwF2","Los Angeles, CA","34.234368 -118.5390592","-118.5390592 34.234368"
"Want to learn how to use CBD to give you an edge for your fitness? <U+0001F62E>

This is the best guide for what CBD products are right for you! <U+0001F34F>

https://t.co/oHgRm5JLUS

#health #fitness #gym #sports #fit #equinox #ufc #wrestling #football","Los Angeles, CA","34.2130688 -118.4227328","-118.4227328 34.2130688"
"Want to work at Providence Health &amp; Services? We're hiring in #Everett, WA! Click the link in our bio for details on this job and more: Patient Transporter #health","Everett, WA","47.9417388 -122.2334664","-122.2334664 47.9417388"
"If you're looking for work in #SantaRosa, CA, check out this #health job via the link in our bio: Staff Nurse II - Emergency Department at St. Joseph Health","Santa Rosa, CA","38.440429 -122.7140548","-122.7140548 38.440429"
"Want to land a job like ""Nurse Practitioner - Mobile Medical Van"" at St. Joseph Health? Applicant tracking systems look for specific keywords. Use the right keywords and get your resume in front of the hiring manager. #health #RohnertPark, CA","Rohnert Park, CA","38.3396367 -122.7010984","-122.7010984 38.3396367"
"Want to work in #RohnertPark, CA? View our latest opening: https://t.co/jMS0CciClG #health","Rohnert Park, CA","38.3396367 -122.7010984","-122.7010984 38.3396367"
"Had to get back on point after taking 2 weeks off because of injury.
Putting in that #work

#health #fitnessmotivation #fitness #fit #lifestyle #body #workout #excercise #today #lifeâ€¦ https://t.co/wTVrrEYiLM","Atlanta, GA","33.7566 -84.3889","-84.3889 33.7566"
"The greatest weapon against stress is our ability to choose one thought over another. - William James

#williamjames #dailycalm #daily #calm #inspiration #health #healing #healingquotesâ€¦ https://t.co/JvorJONs3n","Greensboro, NC","36.0731 -79.7913","-79.7913 36.0731"
"Breathe in.....breathe out.....make a choice of what you busy your mind with......and wonders will happen in your life. 
â€¢
â€¢
â€¢
â€¢
#harmony #health #love #power #wisdom #strengthâ€¦ https://t.co/2Bx7SpcwYO","Manhattan, NY","40.825 -73.949","-73.949 40.825"
"Stop staring at the clock every day. It's time for a new career. Follow us to view jobs with titles like ""Pharmacy Technician Per Diem"" in #SantaRosa, CA. #health","Santa Rosa, CA","38.440429 -122.7140548","-122.7140548 38.440429"
"Our mission is to accelerate healing, restore #health and improve life. We encourage all #healthcare professionals to submit their qualifications to one of our open jobs. Would this be a fit for you? Director of Respiratory Therapy https://t.co/ZJzAwmd4Bm","Rocky Mount, NC","35.9742844 -77.8198252","-77.8198252 35.9742844"
"Dr appointment! #labresults #fun #checkup #health @ Shields, Michigan https://t.co/VVI76Aht4U","Shields, MI","43.4177 -84.0732","-84.0732 43.4177"
"Looking to score a job at St. Joseph Health? You're in luck. Click the link in our bio for the job description and information on how to apply: Sr, Clinical Laboratory Scientist #health #Napa, CA","Napa, CA","38.3 -122.28","-122.28 38.3"
"Need to de stress <U+2049><U+FE0F> Try this amazing tea <U+0001F375> which has some additional #health benefits <U+203C><U+0001F913> #stress #anxiety #immunity #astragalus 
. #bloodcleanser #sleepissues #allergies <U+0001F927>
Reposted fromâ€¦ https://t.co/0TOFUhiQyY","Manhattan, NY","40.7779 -73.9675","-73.9675 40.7779"
"World's HEALTHIEST foods<U+203C> Are these part of your daily or weekly arsenal <U+2049><U+FE0F><U+0001F609> #health #healing #nutrition #foodismedicine #heal <U+0001F913>
.
.
Do you need help reversing any health condition orâ€¦ https://t.co/lWcx7j3fF9","Manhattan, NY","40.7779 -73.9675","-73.9675 40.7779"
"If you're looking for work in CA, check out this #nurse job via the link in our bio: CNA - Sub Acute Care Center at Providence Health &amp; Services #health","Terminal Island, Los Angeles","33.7241323 -118.2643567","-118.2643567 33.7241323"
"At LifeCare Health Partners, we never forget the importance of our mission and the responsibility that comes with it. If you are dedicated to achieving better #health for our patients, please apply to our new open job here: Registered Nurse - Night... https://t.co/Ey7xDMDMTB","Harrison Township, PA","40.618767 -79.736921","-79.736921 40.618767"
"Stop staring at the clock every day. It's time for a new career. Follow us to view jobs with titles like ""Community Planner"" in Atlanta, GA. #Safety #Health","Atlanta, GA","33.7489954 -84.3879824","-84.3879824 33.7489954"
"Our 3 #programs are designed for the most efficient workout then customized to the individual based on #goal #health #history #sustainability <U+0001F929> #redrunfitnessllc #resultsâ€¦ https://t.co/rQW6aYrdi6","Owings Mills, MD","39.41575466 -76.80102865","-76.80102865 39.41575466"
"Working that back #95<U+0001F4AA><U+0001F3FD><U+270A><U+0001F3FD>
#fitness #bossbabe #health #fitfam #healthcoach #blackwomenlift #chitown #workout #workoutmotivation #strangefitness #fitandfifty #bentoverrows #personaltrainerâ€¦ https://t.co/Jlo4FDV8hd","Chicago, IL","41.883222 -87.632496","-87.632496 41.883222"
"Ground turkey, brown rice/quinoa mix, eggs. Makes three heathy, delicious meals. Eating well doesnâ€™t have to be hard! #powerfood #strength #cleaneating #chiropractic #health #proteinâ€¦ https://t.co/bGtwuodxkF","Edina, MN","44.8894 -93.3499","-93.3499 44.8894"
"Je prends mon bouillon d'os au soleil <U+2600>
Bone broth in the Sun
#health #guthealth #santÃ© #curcuma #@realsalt #oliveoil Ã  Ketolistic Qc prend soin de vous et de vos animaux https://t.co/OgVpM8NijG","Saint-CÃ©saire, QuÃ©bec","45.4114746 -72.9815555","-72.9815555 45.4114746"
"March on over to the link in bio to read this months issue on issuu or pick it up at over 700 locations in Delaware and enjoy!

:
:
:
#livingwellmagazine #health #home #food #tech #styleâ€¦ https://t.co/MAeNn9UmgQ","Delaware, USA","39 -75.5","-75.5 39"
"At LifeCare Health Partners, we never forget the importance of our mission and the responsibility that comes with it. If you are dedicated to achieving better #health for our patients, please apply to our new open job here: Certified Occupational... https://t.co/1WXp7Runxp #OT","Pewaukee, WI","43.0684831 -88.2522788","-88.2522788 43.0684831"
"Prefect mindset. Just keep pushing forward. One more wake up until the weekend!!  #biohacking #lifeactivated #health #fuledbyaxio #physiq #Hyletenation #brooksrunning #runitfast #runâ€¦ https://t.co/hJHCnAGTjG","Cleveland, OH","41.4996 -81.6937","-81.6937 41.4996"
"One on One w/ Myself.  Some Leg Work! ****I DO NOT OWN THE RIGHTS TO THIS MUSIC****
#Strength #Cardio #Health #Diet #Fitness #dmvfitness #fitnessjourney #fitnessmodel #fitnesslifestyleâ€¦ https://t.co/UhYgwWR3Sk","Forestville, MD","38.85726 -76.85419","-76.85419 38.85726"
"One on One w/ Myself.  Treadmill Work
#Strength #Cardio #Health #Diet #Fitness #dmvfitness #fitnessjourney #fitnessmodel #fitnesslifestyle #fitnessmotivation #fitnesslife #fitnessaddictâ€¦ https://t.co/1YXkqevixt","Forestville, MD","38.85726 -76.85419","-76.85419 38.85726"
"One on One w/ Rita.  Some Ab Work! 
#Strength #Cardio #Health #Diet #Fitness #dmvfitness #fitnessjourney #fitnessmodel #fitnesslifestyle #fitnessmotivation #fitnesslife #fitnessaddictâ€¦ https://t.co/35uFcyGDIq","Forestville, MD","38.85726 -76.85419","-76.85419 38.85726"
"One on One w/ Adrianne.  Leg Work!
#Strength #Cardio #Health #Diet #Fitness #dmvfitness #fitnessjourney #fitnessmodel #fitnesslifestyle #fitnessmotivation #fitnesslife #fitnessaddictâ€¦ https://t.co/VNTWofb1ie","Forestville, MD","38.85726 -76.85419","-76.85419 38.85726"
"One on One w/ @MichaWoods.  Some Ab Work!  ****I DO NOT OWN THE RIGHTS TO THIS MUSIC****
#Strength #Cardio #Health #Diet #Fitness #dmvfitness #fitnessjourney #fitnessmodelâ€¦ https://t.co/inLSjZx6JZ","Forestville, MD","38.85726 -76.85419","-76.85419 38.85726"
"One on One w/ msnat64. Ab Work!
#Strength #Cardio #Health #Diet #Fitness #dmvfitness #fitnessjourney #fitnessmodel #fitnesslifestyle #fitnessmotivation #fitnesslife #fitnessaddictâ€¦ https://t.co/sF4UGDyblJ","Forestville, MD","38.85726 -76.85419","-76.85419 38.85726"
"One on One w/ thehempoildiva. Some Push/Pull Work!
#Strength #Cardio #Health #Diet #Fitness #dmvfitness #fitnessjourney #fitnessmodel #fitnesslifestyle #fitnessmotivation #fitnesslifeâ€¦ https://t.co/olb4dT0inf","Forestville, MD","38.85726 -76.85419","-76.85419 38.85726"
"One on One w/ Baenita.  Ab Work!  ****I DO NOT OWN THE RIGHTS TO THIS MUSIC****
#Strength #Cardio #Health #Diet #Fitness #dmvfitness #fitnessjourney #fitnessmodel #fitnesslifestyleâ€¦ https://t.co/GkmI75l1hx","Forestville, MD","38.85726 -76.85419","-76.85419 38.85726"
"Get yo life !!You got time <U+0001F55B> â€¢
â€¢
â€¢
<U+0001F4AA> #health #fitness #fit #toptags #fitnessmodel #fitnessaddict #fitspo #workout #consistency #cardio #gym #train #training #photoofthedayâ€¦ https://t.co/a0uVRk6AMV","Oak Hill, FL","30.24709956 -81.74442462","-81.74442462 30.24709956"
"Become Your own expert. Especially with your health! Bringing together all the knowledge available and creating your own special formula is the key! #health #healthyfood #healthylifestyleâ€¦ https://t.co/FvAzoBEUC3","Phoenix, AZ","33.4482 -112.0777","-112.0777 33.4482"
"Thursday morning, #legs #punch #kick #pushup #workout #fitness #health mastergoodwin PersonalTrainer working together #cpt #akfitt #columbiasc #noexcuses @ Columbia, South Carolina https://t.co/WNdB4VPtjt","South Carolina, USA","34.0006 -81.0442","-81.0442 34.0006"
"#lunch #lentils #beans #plantbased #soup #coldweather #eatbetter #feelbetter #guthealth #columbiasc #akfitt #takehealthyback #hmspro #health #fitness @ Columbia, South Carolina https://t.co/OXkXyTJRU0","South Carolina, USA","34.0006 -81.0442","-81.0442 34.0006"
"Good night!
Getting my 8 hours of sleep! Yes sleep is important for your health and your fitness!
Lights out, getting ready for Thursday! #akfitt #inspiring #healthyliving #health #fitnessâ€¦ https://t.co/rUdWDQNDr2","South Carolina, USA","34.0006 -81.0442","-81.0442 34.0006"
"Workout #12 #fitness #health #workout #gym #womanshealth  #chicago #biceps #bodybuilding #gym #motivation #workout #fit #training #lifestyle @ St. Denis Centre https://t.co/DYFw8At5GG","Windsor, Ontario","42.29904831 -83.06136844","-83.06136844 42.29904831"
"C/O workoutanytimevalley -  Have you been in to see the new Workout Anytime in Valley, AL? Schedule your personal tour today

Brand Ambassadors: @livebyterrence
@jhouston17

#healthâ€¦ https://t.co/rqWnXhqDLs","Valley, AL","32.8344843 -85.1766511","-85.1766511 32.8344843"
"#throwbackthursday #september2014 #gym #gymlife #boxing #fit #fitness #fitat52 #fitover50 #health #selfcare #selfrespect #lawofattraction #annietron @ Little Rock, Arkansas https://t.co/aHgJf8ac2O","Little Rock, AR","34.736 -92.3311","-92.3311 34.736"
"New Tangent!! We discuss Tarnel's shitty health #podcast #itunes #iheartradio #stitcher #spotify #sandiego #sandiegopodcast #health #podernfamily Episode 126 - Tarnel's Health Sucks  https://t.co/gnetJS8am1","","38.92597654 -72.52001026","-72.52001026 38.92597654"
"Our goal is to champion the #health of the children and families we are privileged to serve. We invite interested applicants to apply online and join us on our mission: Care Assistant - Oncology (Full-time, Days) https://t.co/w0PINIbj0s #Miami, FL","Coral Terrace, FL","25.7412344 -80.2945017","-80.2945017 25.7412344"
"Morning smudge <U+2600><U+FE0F> #smudge #sage #smudging #vegan #byebyebadjuju #buddhism #health #morningritual #meditation @ Athens, Georgia https://t.co/6EJEjnXqhn","Athens, GA","33.957845 -83.378571","-83.378571 33.957845"
"Que el dolor de cabeza por muy intenso que sea... sÃ³lo sea un pretexto <U+0001F3CB><U+FE0F><U+200D><U+2642><U+FE0F><U+0001F44A><U+0001F4AA>
.
.
.
.
#bodybuilder #bodybuilding #gordito #jogoso #health #fitness #fit #me #fitnessmodel #fitnessaddictâ€¦ https://t.co/UJ60jP7CqG","Iztapalapa, Distrito Federal","19.3781771 -99.0959985","-99.0959985 19.3781771"
"Striving to give patients the best care!  Thank You to our patients!  Thank you for your review!  #gratitude #womenshealth #health #fit #fitness #love #gardenobgyn #obgyn #doctor #newyorkâ€¦ https://t.co/YE40mRp0la","Manhattan, NY","40.76349 -73.96372","-73.96372 40.76349"
"<U+0001F525>Release STRESS hormones ....workout <U+0001F3CB><U+FE0F><U+200D><U+2642><U+FE0F><U+26F9><U+0001F3FC><U+200D><U+2642><U+FE0F><U+0001F94A> and stay healthy <U+0001F525>
.
.
<U+0001F6A7>Workout gtasportsplex <U+0001F6A7>
.
.
#health #nutrition #cancer #fitness #fit #keto #doctor #attitude #hormones #cortisolâ€¦ https://t.co/06KgL5ScNv","Vaughan, Ontario","43.8163 -79.502","-79.502 43.8163"
"May you find peace and happiness in your day. Namaste  #meditate #meditation #fitness #health #yogi #yoga #namaste #manduka #hotyoga #hotyogalife @ Gold's Gymâ€¦ https://t.co/VdAHcClXba","Murfreesboro, TN","35.868663 -86.388655","-86.388655 35.868663"
"Happy Thursday morning!!! It is early... the sky is beautiful...and it is still cold in these #NYC streets... #gymtime #health #fitness #FOJ @ Equinox Flatiron https://t.co/PrqwQ36uX1","Manhattan, NY","40.73906331 -73.98981392","-73.98981392 40.73906331"
"#health #fitness ##protienshake @ Planet Fitness https://t.co/PgH03HfyAq","Union City, GA","33.567722 -84.542809","-84.542809 33.567722"
"#dontworry #robertdowneyjr #lifequote #qualityoflife #maketodaycount<U+0001F4AF> #health #livelovelaugh #quoteoftheday #quotesandsayings #quotesaboutlife #foodforthought @ Toronto, Ontario https://t.co/T1ZEhzUrN3","Toronto, Ontario","43.7166 -79.3407","-79.3407 43.7166"
"One very early #peach tree wide awake  in this #houston #texas #foodforest #backyardorchard #permaculture #urbanfarm #growyourown #health #move #soil @ Southeast Houston, Houston, Texas https://t.co/ruR07x48s3","Houston, TX","29.65941153 -95.31175519","-95.31175519 29.65941153"
"The Daily Drip. 
.
.
.
.
#thedailydrip #nojoke #yoga #sweat #fitfam #workout #fitness #exercise #health #sweaty #yogastudio #hotyoga #hot8yoga #hot8 #broga #namaste #namaslay @ Santaâ€¦ https://t.co/jK4QwMEmg4","Santa Monica, CA","34.01158 -118.49227","-118.49227 34.01158"
"#Hempworx Renew and Revive Creams ! #blog #workfromhome #military #cannabis #weed #hemp #bloggers #cbd #antiaging #freedom #businesswomen #entrepreneur #faceproducts #wellness #health #ladies #renew https://t.co/pBkuOywXL0 https://t.co/9dgOLVSamb","Chicago, IL","41.883718 -87.632382","-87.632382 41.883718"
"#New #Heat <U+0001F525><U+0001F525><U+0001F4A8> @YC_SEQO <U+0001F171><U+FE0F> #Lingo #Brooklyn #Nyc #Bedstuy #Rap #Music #Visuals #Moves #Blixky #Twirl <U+0001F300><U+0001F300><U+0001F300> #Dance #Loveislove #Stealth #Health #Wealth #Eat #ArtAddict #Lurking #Trap #Artâ€¦ https://t.co/YAK8UdNkfE","Brooklyn, NY","40.67848 -73.9316","-73.9316 40.67848"
"Love those nails! <U+0001F49C>
.
Big love @ashgabriellea
.
#foodtruck #foodtruckla #vegan #veganfoodshare #vegans #vegansofig #plantbased #plantstrong #dairyfree #glutenfree #paleo #healthâ€¦ https://t.co/xwpncotXcN","Los Angeles, CA","34.0522 -118.243","-118.243 34.0522"
"#Shopping  #Grapefruit #Ginger #limes #Cucumber #AlkalineWater #Fasting #Health #Gym #Fitness #Love #KINGMASON #kroger #MoonChild #TidalMusic @ Houston, Texas https://t.co/XQ4QCmRuCR","Houston, TX","29.7602 -95.3694","-95.3694 29.7602"
"#Juicing #Hurom #Love #Health #Fitness #Weightloss #KINGMASON @ Houston, Texas https://t.co/WZ4iWGX2p6","Houston, TX","29.7602 -95.3694","-95.3694 29.7602"
"the depth of simplicity is staggering...<U+0001F633>
â€¢
#tea #teadetox #detoxtea #detox #honey #rawhoney #liverdetox #health #wellness #honesty @ Roseville, California https://t.co/V5ZiOxgoU9","Roseville, CA","38.7524 -121.289","-121.289 38.7524"
"#Repost @dotFITWorldWide with get_repost
Â·Â·Â·
quit quitting <U+2705> -
-
-
-
#dotfit #growstrong #fitness #nutrition #health #weightlifting #diet #exercise #lifestyle #crossfit #supplements #foodâ€¦ https://t.co/DfarUSI46q","Delran, NJ","40.0172053 -74.9520509","-74.9520509 40.0172053"
"""I'm gonna get this tongue ring but I'm scared of dentists though"" <U+0001F648>
.
.
.
.
.
#doctors #health #surgeon #dentist #smile #hospital #love #medstudent #teethwhitening #medlife #surgeryâ€¦ https://t.co/MfNH2jGjL0","Baltimore, MD","39.2944 -76.614","-76.614 39.2944"
"#wcw to these #goddess #queens of #natural #expo #west #expowest! Wow what a #fun and #successful #event.. #gratitude for bringing the #vibration #high.. #health #yolo @ Anaheim Conventionâ€¦ https://t.co/FBuDWrYK2R","Anaheim, CA","33.8025 -117.92","-117.92 33.8025"
"Cha cha real smooth <U+0001F352>

â€¢
â€¢
â€¢
â€¢
â€¢
â€¢
â€¢
â€¢
â€¢
â€¢
#food #foodie #restaurant #venice #california #chachamatcha #matcha #health #energy #model #girls #women #style #outfit #denim #shoes #brunetteâ€¦ https://t.co/J0c4hkxmtl","Los Angeles, CA","33.9908 -118.46576","-118.46576 33.9908"
"0-100 quick quick <U+0001F3CE><U+0001F4A8>
â€¢
â€¢
â€¢
#model #nike #running #fitness #oneofone  #life #athletic #venice #beach #vibes #losangelesmodel #manbun #workout #picoftheday #sluagency #health #fitâ€¦ https://t.co/rCqSO8cibe","Los Angeles, CA","33.98535797 -118.4726794","-118.4726794 33.98535797"
"Great #boxingbootcamp tonight!  Ryan is so eyeballing me!  :O  #boxinggym #chicago #health #fitness #exercise #ofc #oakleyfightclub #health #boxeo #boxear #vamonos #train #ashWednesdayâ€¦ https://t.co/5lLet0PAiR","Chicago, IL","41.88899809 -87.68444979","-87.68444979 41.88899809"
"<U+0001F4A1> The greatest idea Iâ€™ve ever had was my space and owning every inch of it and never relinquishing that space to any thing or any one ... my peace is my source of being. #love #healthâ€¦ https://t.co/qszEor9FRq","Brooklyn, NY","40.65 -73.95","-73.95 40.65"
"Yesterdayâ€™s work forgot to post I hope this motivates someone I took today off be back tomorrow <U+0001F4AF> #fitness #exercise #health #positivevibes #getcut #lifestyle #nogoals #jusdoinit #mytempleâ€¦ https://t.co/rZj3eVCmyF","Washington, DC","38.91488676 -76.9839102","-76.9839102 38.91488676"
"Want to work at Loma Linda University Health? We're hiring in Loma Linda, CA! Click the link in our bio for details on this job and more: Dietitian Specialist 2 #Health #Clinical","Loma Linda, CA","34.0494519 -117.2641774","-117.2641774 34.0494519"
"If you're looking for work in #Torrance, CA, check out this job: https://t.co/ndyccp6rzS #health","Torrance, CA","33.83 -118.33","-118.33 33.83"
"The awesome feeling after a workout. Boom Roasted <U+0001F920>
.
.
.
.
.
.
.
.
.
â€¢
â€¢
<U+0001F4AA> #health #fitness #fit #toptags #fitnessmodel #fitnessaddict #fitspo #workout #bodybuilding #cardio #gym #trainâ€¦ https://t.co/wXg9PuwzZo","Farmers Branch, TX","32.9289 -96.8775","-96.8775 32.9289"
"Don't be shy. Score a job like ""RN IV - Lead - Telemetry"" at St. Joseph Health by asking for referrals. It's a great way to get a meeting with HR. Check out the link in our bio to apply. #health #SantaRosa, CA","Santa Rosa, CA","38.440429 -122.7140548","-122.7140548 38.440429"
"If jobs with titles like ""Maintenance Technician - Plant Maintenance"" sound appealing to you, follow us to hear about these types of opportunities in #SantaRosa, CA. #health","Santa Rosa, CA","38.440429 -122.7140548","-122.7140548 38.440429"
"St. Joseph Health is hiring in #AppleValley, CA! Read about our latest #health job opening via the link in our bio: Clinical Laboratory Scientist - Clinical Lab, On Call, Days, 8 Hours","Apple Valley, CA","34.5008311 -117.1858759","-117.1858759 34.5008311"
"Want to work in #SantaRosa, CA? View our latest opening: https://t.co/MJ3R9LiNih #health","Santa Rosa, CA","38.440429 -122.7140548","-122.7140548 38.440429"
"#naturalhealing #naturalhealth #holistichealth #healing #wellness #holistic #plantbased #StatStory #cbd #health #crystalreikibradenton #pranahealingbradenton #nhbshop @ Bradenton, Florida https://t.co/GfGIJziYLd","Bradenton, FL","27.4882 -82.5777","-82.5777 27.4882"
"06/03/2019 MiÃ©rcoles 8k <U+26C5><U+FE0F> <U+0001F976> <U+0001F3C3><U+0001F3FB> 
.
.
.
.
.
.
.
.
.
.
.
.
.
.
.
.
#run #runner #running #door2door #athlete #sport #health #freerun #freerunner #urban #urbanathlete #venividicoriâ€¦ https://t.co/BFLThJlMs2","Orlando, FL","28.5421 -81.3775","-81.3775 28.5421"
"Get Adjusted And Keep Moving.... #getadjusted #beyondwellness #chiropractic #bramptonchiropractor #chi #brampton #caledon #mississauga #movement #health #mindset #personalpower #healingâ€¦ https://t.co/yDG6gJQP8D","Brampton, Ontario","43.70539687 -79.83573118","-79.83573118 43.70539687"
"Covenant Health is hiring in #Levelland, TX! Read about our latest #health job opening via the link in our bio: Laboratory Assistant - On Call/Days","Levelland, TX","33.59 -102.38","-102.38 33.59"
"Nervous to apply for a job like ""Strategic Outreach Specialist - PSJH"" at Providence Health &amp; Services? Apply even if you're not a 100% match. You might be underestimating your value. Click the link in our bio for more info. #health #Portland, OR","Portland, OR","45.5220648 -122.6757228","-122.6757228 45.5220648"
"#sugar #nosugar #withdrawals #foodie #health #fitover40  #wellness #choices @ Baltimore, Maryland https://t.co/Oe7r0OSY1H","Baltimore, MD","39.2944 -76.614","-76.614 39.2944"
"Stop staring at the clock every day. It's time for a new career. Follow us to view jobs with titles like ""Clinical Lab Scientist (BBK and Main Lab) - Full time, Days, 8hr"" in #Orange, CA. #health","Orange, CA","33.81 -117.83","-117.83 33.81"
"It is our goal to deliver exceptional patient experiences and maximize #health, healing and recovery for the patients and families we serve. Ready to make a positive change? Apply for our latest opening: Registered Nurse - $10,000 Sign-On Bonus https://t.co/sHLRKz4tje #Reno, NV","Reno, NV","39.4359707 -119.7600878","-119.7600878 39.4359707"
"Body Blast Week 8: Tabata 2
All I can tell you is.... our instructor saying â€œCâ€™mon! Itâ€™s only 20 seconds!!!â€<U+0001F4A6>

#strong #wellness #fitness @theboulevard24 #health #weightloss @ Trueâ€¦ https://t.co/s3oQR1cYh8","Abingdon, MD","39.4682706 -76.3089369","-76.3089369 39.4682706"
"Marble Cheesecake anyone? <U+0001F9E1><U+0001F60B><U+0001F9E1>
.
.
.
.
.
#eatpaleta #losangeles #delicious #instafood #mealprep #health #healthy #yummy #nofilter #food #foods #foodie #lifestyle @eatPALETA @â€¦ https://t.co/MpoVnWjrZz","Beverly Hills, CA","34.07347 -118.40033","-118.40033 34.07347"
"Snippets of todayâ€™s leg day.... my warm up is your workout <U+0001F608><U+0001F608><U+0001F4AF><U+0001F3CB><U+0001F3FF><U+200D><U+2642><U+FE0F>
â€”
#health #prep #glutes #quads #lifestyle #personaltrainer #physique #bodybuilder #getstrong #az #exercise #cardio #legsâ€¦ https://t.co/m1HH9qAlSu","Phoenix, AZ","33.67694605 -112.10170135","-112.10170135 33.67694605"
"Who wants to go sit in the corner??? <U+0001F4AA>HOIST Fitness Mi6 Functional Trainer pictured here at a home in Woodbridge, Ontario, Canada. <U+0001F1E8><U+0001F1E6> #canada #hoist #fitness #hoistfitness #health #gymâ€¦ https://t.co/Gs8NzcqeGA","Vaughan, Ontario","43.7836 -79.5984","-79.5984 43.7836"
"Sick baby. Tired mom. #momlife #doctorsoffice #hopeitsnotflu #probablyflu #baby #mom #sick #sotired @ San Francisco, California https://t.co/ep0My7EOLe","San Francisco, CA","37.7793 -122.419","-122.419 37.7793"
"Enjoy the sun, tge nature, your life.

#life #lifestyle #meditation #hypnosis #reiki #Grounding #Holistic #esoteric #Aurora #Texas #lampasas #health @ Lampasas, Texas https://t.co/ODfMEHF32K","Lampasas, TX","31.06583333 -98.18333333","-98.18333333 31.06583333"
"#highlandParkgirlslacrosseteam
#highlandParklacrosseteam
#hp #firstclass 
#health #fitness #wellness 

Yesterday these awesome young ladies took their first step on their journey into theâ€¦ https://t.co/87Yz3hwICK","Dallas, TX","32.8160604 -96.79223299","-96.79223299 32.8160604"
"#highlandParkgirlslacrosseteam
#highlandParklacrosseteam
#hp #firstclass 
#health #fitness #wellness 

Yesterday these awesome young ladies took their first step on their journey into theâ€¦ https://t.co/UyiRVRuuVb","Dallas, TX","32.8160604 -96.79223299","-96.79223299 32.8160604"
"Good Vibes &amp; Good Diagnosis straight from the Doctor's office<U+0001F5A4>
.
.
.
.
.
.
#DetroitBadBoys #DetroitGirl  #Warrior #lupuswarrior #lupus #LupusAwareness  #LupusLife #healthylifestyle #healthâ€¦ https://t.co/ifZv8oFxxF","Plymouth Township, MI","42.38497 -83.50736","-83.50736 42.38497"
"Join the St. Joseph Health team! See our latest job opening here: https://t.co/cPbZ8zdFRj #Brea, CA #health","Brea, CA","33.9166805 -117.9000604","-117.9000604 33.9166805"
"#ketodiet #ketocoffee #ketocoffee<U+2615> #joinmyteamtoday #loseweightfeelgreat #joinmyteam #getpaid #itworks #health @ Lockhart, Texas https://t.co/hxeQaexZqs","Lockhart, TX","29.8819 -97.676","-97.676 29.8819"
"Join the St. Joseph Health team! See our latest job opening here: https://t.co/XOcTeFcLXY #Napa, CA #health","Napa, CA","38.3 -122.28","-122.28 38.3"
"#liver #liverdetox #livercleanse #energy #energydrink #coffee #lemon #skin #itch #rash #balance #hormones #health #spring #cleanse #digestion #gutbrain #selfhealing #discoveryourbrillianceâ€¦ https://t.co/s8E3fxWJW4","California, USA","33.5600942 -117.1363936","-117.1363936 33.5600942"
"Und tÃ¤glich grÃ¼ÃŸt das Murmeltier.....Be the Master of your mind Body and soul. 

#holgerbroeer #equinox 
#bodybuilding #fitness #gym #fitfam #workout #muscle #health #fit #motivation #absâ€¦ https://t.co/ztDNkKQWdc","West Hollywood, CA","34.09225995 -118.37860018","-118.37860018 34.09225995"
"I love this place <U+0001F3C0><U+2764><U+FE0F><U+26F9><U+0001F3FB><U+200D><U+2642><U+FE0F><U+0001F436> #basquetball #basketball #gym #duela #ilovethisgame #crib #architecture #oldschool #classic #sport #energy #up #health #exercise #geometry #wood #shcpâ€¦ https://t.co/loQGIoAJ4J","CuauhtÃ©moc, Distrito Federal","19.40786611 -99.15927983","-99.15927983 19.40786611"
"Can you recommend anyone for this job in Everett, WA? https://t.co/dn88YANbVK #PSJHJobs #health","Everett, WA","47.9417388 -122.2334664","-122.2334664 47.9417388"
"Are you looking for a new career opportunity? Apply as a Nurse Practitioner - Emergency Department, NP - ED in #Eureka, CA Endless opportunities await! Learn more and explore today! https://t.co/L0hSSQ31si #health","California, USA","40.8134774 -124.1460963","-124.1460963 40.8134774"
"Can you recommend anyone for this #health job in #Portland, OR? Click the link in our bio to see it and more. Clinical Contracts Specialist at Providence Health &amp; Services","Portland, OR","45.5220648 -122.6757228","-122.6757228 45.5220648"
"Career tip for landing jobs like ""Sr IT Specialist - Analytics and Decision Support"" in #Anaheim, CA. Go on informational interviews. The best way to get a meeting with a hiring manager is to ask for an informational meeting. #health","Anaheim, CA","33.8276052 -117.9073244","-117.9073244 33.8276052"
"#KnowlegeIsPower #Dexcom #DexcomG6 #CapitalismIsGood #T1D #FirstWorldProblems #Insights #Diabetes #Wisdom #Fatigue #LowLevelsSuck #DiabetesAwareness #KruseT1D #CureT1D #T1DLooksLikeMeâ€¦ https://t.co/pUXy0F4tG2","Illinois, USA","41.20627092 -90.44297658","-90.44297658 41.20627092"
"Sometimes, we need the struggle to be This real, to see things in their true light. #RaisedInThePrisonPipeline #IndigentMail #CDC #SCLA @ South Central LA https://t.co/BBUpKSbJCG","Los Angeles, CA","33.9275 -118.27722","-118.27722 33.9275"
"I look to you for calm the storms in my head, the laws of nature that reminds me I am woman.  #headache #monday #calmseas #kingstonwaterfront #kingston #kingstonjamaica #jamaicaâ€¦ https://t.co/9zW0Ob5rW9","","17.95391389 -76.80370278","-76.80370278 17.95391389"
"#laborpains #colds #flu #funny #funnymemes #funnypics #comedy #humor #abstractthought #selfishthoughts #women #humor #funnymemes #funnypics #comedy #humor #abstractthought #funnyjokes @â€¦ https://t.co/EYwBcDFrnJ","San Marcos, TX","29.88609 -97.92818","-97.92818 29.88609"
"I'm developing flu like symptoms. Good grief. #california #flu #sick #selfie #actor #inbed #croatian #croat #hrvat #blah #bedrested #thissucks #goodgrief #love  #Instagram #crap #sickoâ€¦ https://t.co/GibS7HNIxf","Sacramento, CA","38.5763 -121.4927","-121.4927 38.5763"
"Day 14 
For all you spring gardeners! 

#headaches #performance #health #wellness #chiropractor #chiropractic #Yoga #fuelhotyoga #gymnastics #guide2athens #herniateddiscâ€¦ https://t.co/hZcOa44z0R","Athens, GA","33.91445 -83.34582","-83.34582 33.91445"
"Take a tour of our office! 
Call to schedule your appointment.
706.548.8984

#headaches #performance #health #wellness #chiropractor #chiropractic #Yoga #fuelhotyoga #gymnasticsâ€¦ https://t.co/zLAQfqGtsy","Athens, GA","33.91445 -83.34582","-83.34582 33.91445"
"Can you recommend anyone for this job in #Napa, CA? https://t.co/Ma9nqB2GiO #health","Napa, CA","38.3 -122.28","-122.28 38.3"
"St. Joseph Health is looking for teammates like you. See our latest #health job openings, including ""Nursing Assistant I - (MedSurg/Tele)"", via the link in our bio. #Napa, CA","Napa, CA","38.3 -122.28","-122.28 38.3"
"Want to work at St. Joseph Health? We're hiring in #Napa, CA! Click for details: https://t.co/WX6k0qFNPo #health","Napa, CA","38.3 -122.28","-122.28 38.3"
"Try to remember this next time you want to quit!

#hellafit #truve #truvefit #fitness #oakland #health #wellness #workout #fitfam #oaklandfitness #bestinoakland #personaltrainingâ€¦ https://t.co/JEs9h1MtZ5","Oakland, CA","37.81304 -122.26631","-122.26631 37.81304"
"It is our goal to deliver exceptional patient experiences and maximize #health, healing and recovery for the patients and families we serve. Ready to make a positive change? Apply for our latest opening: Pharmacist - PRN https://t.co/rWfhUvFEPG #Pewaukee, WI","Pewaukee, WI","43.0684831 -88.2522788","-88.2522788 43.0684831"
"It is our goal to deliver exceptional patient experiences and maximize #health, healing and recovery for the patients and families we serve. Ready to make a positive change? Apply for our latest opening: Clinical Liaison https://t.co/w3cut8rULD #IronCity","Wilkinsburg, PA","40.4468129 -79.8919463","-79.8919463 40.4468129"
"05/03/2019 Martes 7k <U+26C5><U+FE0F><U+0001F976><U+0001F321> <U+0001F3C3><U+0001F3FB> 
suunto strava @rungoapp gyroscope_app 
.
.
.
.
.
.
.
.
.
.
.
.
.
.
.
#run #runner #running #door2door #athlete #sport #health #freerun #freerunner #urbanâ€¦ https://t.co/Z6j1FsJmxK","Orlando, FL","28.5421 -81.3775","-81.3775 28.5421"
"St. Joseph Health is hiring in #Fortuna, CA! Click the link in our bio to apply: Respiratory Therapist - Cardiopulmonary Services #health","Fortuna, CA","40.5981867 -124.1572756","-124.1572756 40.5981867"
"One on One w/ Ray.  Yesterdayâ€™s Leg Work! #Strength #Cardio #Health #Diet #Fitness #dmvfitness #fitnessjourney #fitnessmodel #fitnesslifestyle #fitnessmotivation #fitnesslifeâ€¦ https://t.co/CexLisz7NF","Forestville, MD","38.85726 -76.85419","-76.85419 38.85726"
"One on One w/ Myself.  Yesterdayâ€™s Rep Day Back &amp; Bicep Work! #Strength #Cardio #Health #Diet #Fitness #dmvfitness #fitnessjourney #fitnessmodel #fitnesslifestyle #fitnessmotivationâ€¦ https://t.co/MhWp0qLgOD","Forestville, MD","38.85726 -76.85419","-76.85419 38.85726"
"One on One w/ Alicia.  Ab Work! #Strength #Cardio #Health #Diet #Fitness #dmvfitness #fitnessjourney #fitnessmodel #fitnesslifestyle #fitnessmotivation #fitnesslife #fitnessaddictâ€¦ https://t.co/yiKA9VF5XN","Forestville, MD","38.85726 -76.85419","-76.85419 38.85726"
"One on One w/ ladywithmanytalents  Yesterdayâ€™s Ab Work! #Strength #Cardio #Health #Diet #Fitness #dmvfitness #fitnessjourney #fitnessmodel #fitnesslifestyle #fitnessmotivationâ€¦ https://t.co/tAg2gnLk2L","Forestville, MD","38.85726 -76.85419","-76.85419 38.85726"
"One on One w/ ncbutterfly17  Yesterdayâ€™s Leg Work! #Strength #Cardio #Health #Diet #Fitness #dmvfitness #fitnessjourney #fitnessmodel #fitnesslifestyle #fitnessmotivation #fitnesslifeâ€¦ https://t.co/ikTyjadwCL","Forestville, MD","38.85726 -76.85419","-76.85419 38.85726"
"One on One w/ msnat64. Leg Work! #Strength #Cardio #Health #Diet #Fitness #dmvfitness #fitnessjourney #fitnessmodel #fitnesslifestyle #fitnessmotivation #fitnesslife #fitnessaddictâ€¦ https://t.co/tQbFKTisfh","Forestville, MD","38.85726 -76.85419","-76.85419 38.85726"
"Day One: One on One w/ Rita.  Leg Work! #Strength #Cardio #Health #Diet #Fitness #dmvfitness #fitnessjourney #fitnessmodel #fitnesslifestyle #fitnessmotivation #fitnesslife #fitnessaddictâ€¦ https://t.co/jiWJBrg6M6","Forestville, MD","38.85726 -76.85419","-76.85419 38.85726"
"Day One: One on One w/ Adrianne.  Push/Pull Work! #Strength #Cardio #Health #Diet #Fitness #dmvfitness #fitnessjourney #fitnessmodel #fitnesslifestyle #fitnessmotivation #fitnesslifeâ€¦ https://t.co/c8ztdL74fg","Forestville, MD","38.85726 -76.85419","-76.85419 38.85726"
"One on One w/ Renee.  Some Push/Pull Work! #Strength #Cardio #Health #Diet #Fitness #dmvfitness #fitnessjourney #fitnessmodel #fitnesslifestyle #fitnessmotivation #fitnesslifeâ€¦ https://t.co/aXSQDxtkkz","Forestville, MD","38.85726 -76.85419","-76.85419 38.85726"
"Join the Providence Health &amp; Services team! See our latest #health job openings, including ""Senior Epic Applications Analyst â€“ Security"", via the link in our bio. #Beaverton, OR","Beaverton, OR","45.4923824 -122.8029665","-122.8029665 45.4923824"
"Can you recommend anyone for this job in #Portland, OR? https://t.co/28TmvEGrpZ #health","Portland, OR","45.5220648 -122.6757228","-122.6757228 45.5220648"
"Want to land a job like ""Clinical Lab Scientist (Blood Bank) - Per diem, Days, 8hr"" at St. Joseph Health? Applicant tracking systems look for specific keywords. Use the right keywords and get your resume in front of the hiring manager. #health #Orange, CA","Orange, CA","33.81 -117.83","-117.83 33.81"
"Healthilicious Cauliflower Soup <U+0001F963><U+0001F44C><U+0001F3FB><U+0001F60B><U+0001F9E1>
.
.
.
.
.
#foodie #food #healthy #health #instafood #eatpaleta #paletaforlife #yummy #delicious #losangeles #mealprep #mealdelivery #instaâ€¦ https://t.co/F7qF8O9vjB","Los Angeles, CA","34.08333 -118.44778","-118.44778 34.08333"
"#health #fitness #wellness #martialarts #muaythai 

Weather you've been training Muay Thai for years and you're a teenager or you are a parent that is inquiring about what Muay Thai isâ€¦ https://t.co/5Fax5EjllA","Richardson, TX","32.961522 -96.736452","-96.736452 32.961522"
"Over my dead body they will inject this on my boys<U+203C><U+0001F92C> so sad many have to go through this <U+0001F494> #vaccines<U+0001F489> #vaccinesinjure #deadly 
.
Reposted from collective_evolution  -  author: arjun_ce //â€¦ https://t.co/VrXSpeX2MZ","Manhattan, NY","40.7779 -73.9675","-73.9675 40.7779"
"Healtg by leemoeflvme out now 
Prod nujabes

#health by  #leemoeflvme
on #youtube #applemusic &amp; #spotify  click bio now <U+0001F525>

#flvme #newalbum2019 #newrapper
#rva #dmvartist #instrumentalâ€¦ https://t.co/5xZp7Ee6Le","Virginia, USA","37.5 -79","-79 37.5"
"Health by leemoeflvme out now 
Prod nujabes

#health by  #leemoeflvme
on #youtube #applemusic &amp; #spotify  click bio now <U+0001F525>

#flvme #newalbum2019 #newrapper
#rva #dmvartist #instrumentalâ€¦ https://t.co/rOWu3GiSJk","Virginia, USA","37.5 -79","-79 37.5"
"Health by leemoeflvme out now 
Prod nujabes

#health by  #leemoeflvme
on #youtube #applemusic &amp; #spotify  click bio now <U+0001F525>

#flvme #newalbum2019 #newrapper
#rva #dmvartist #instrumentalâ€¦ https://t.co/3kOjD2Mi3E","Virginia, USA","37.5 -79","-79 37.5"
"<U+0001F350> Each gummy candy contains the perfect dose of highly potent, organic and full spectrum CBD that's rich in terpenes, vitamins, amino acids and essential acids.

<U+0001F447>
 https://t.co/vwmG6CouG0

<U+0001F34F> Online CBD Shop
#cbd #pain #cbdgummies #hempgummies #sleepinsomnia #pain #health https://t.co/ZNqPggNHAy","Los Angeles, CA","34.234368 -118.5390592","-118.5390592 34.234368"
"Can you recommend anyone for this #health job in #Everett, WA? Click the link in our bio to see it and more. Patient Transporter at Providence Health &amp; Services","Everett, WA","47.9417388 -122.2334664","-122.2334664 47.9417388"
"Can you recommend anyone for this job in #RohnertPark, CA? https://t.co/FSmrCmgrCD #health","Rohnert Park, CA","38.3396367 -122.7010984","-122.7010984 38.3396367"
"Don't submit then quit. Apply for jobs like ""Registrar (On Call)"" at Providence Health &amp; Services, then look for people you might know at the company. You might be able to reach out to HR directly. Ready to apply? Check out the link in our bio. #health #Chewelah, WA","Washington, USA","48.276287 -117.7155208","-117.7155208 48.276287"
"Providence Health &amp; Services is hiring in #Spokane, WA! Read about our latest #health job opening via the link in our bio: Program Manager â€“ Nursing Scholarship and Magnet","Spokane, WA","47.6939041 -117.3932074","-117.3932074 47.6939041"
"Click the link in our bio to see currently open #health jobs like ""Occupational Therapist â€“ Inpatient"" at Providence Health &amp; Services in #WallaWalla, WA.","Walla Walla, WA","46.0819562 -118.3152699","-118.3152699 46.0819562"
"Join the Kadlec team! See our latest job opening here: https://t.co/33wbEPoH4v #health #Kennewick, WA","Kennewick, WA","46.2138054 -119.161041","-119.161041 46.2138054"
"If you're looking for work in #Richland, WA, check out this job: https://t.co/AZzZV3o7GN #health","Richland, WA","46.239409 -119.2934654","-119.2934654 46.239409"
"Interested in a job in Seattle, WA? This could be a great fit: https://t.co/VMnZH4VOIA #PSJHJobs #health","Seattle, WA","47.61 -122.33","-122.33 47.61"
"Are you looking for a new career opportunity? Apply as a Patient Care Representative III - Santa Monica in Santa Monica, CA Endless opportunities await! Learn more and explore today! https://t.co/fZXMXYr9mM #PSJHJobs #health","Santa Monica, CA","34.02 -118.5","-118.5 34.02"
"Want to work at St. Joseph Health? We're hiring in Napa, CA! Click for details: https://t.co/eNnNYVuPGQ #PSJHJobs #health","Napa, CA","38.3 -122.28","-122.28 38.3"
"Can you recommend anyone for this job in Seattle, WA? https://t.co/naL7UeEzi9 #PSJHJobs #health","Seattle, WA","47.61 -122.33","-122.33 47.61"
"Join the Providence Health &amp; Services team! See our latest job opening here: https://t.co/wQXOeT4och #PSJHJobs #health","Portland, OR","45.5220648 -122.6757228","-122.6757228 45.5220648"
"If you're looking for work in Napa, CA, check out this job: https://t.co/jDOxr9xsKb #PSJHJobs #health","Napa, CA","38.3 -122.28","-122.28 38.3"
"Can you recommend anyone for this job in Everett, WA? https://t.co/zrgilpvrmO #PSJHJobs #health","Everett, WA","47.9417388 -122.2334664","-122.2334664 47.9417388"
"Want to work in Santa Rosa, CA? View our latest opening: https://t.co/5PneVnPD0k #PSJHJobs #health","Santa Rosa, CA","38.440429 -122.7140548","-122.7140548 38.440429"
"Can you recommend anyone for this job in Everett, WA? https://t.co/gtJVkQqM0T #PSJHJobs #health","Everett, WA","47.9417388 -122.2334664","-122.2334664 47.9417388"
"We're hiring! Click to apply: Unit Secretary-Emergency Department- Full Time- Nights - https://t.co/4GAktHSfvn #PSJHJobs #health","Lubbock, TX","33.5691904 -101.8977271","-101.8977271 33.5691904"
"If you're looking for work in Orange, CA, check out this job: https://t.co/43EC1Ikr5R #PSJHJobs #health","Orange, CA","33.81 -117.83","-117.83 33.81"
"Interested in a job in Orange, CA? This could be a great fit: https://t.co/n8kIVNldfV #PSJHJobs #health","Orange, CA","33.81 -117.83","-117.83 33.81"
"Nervous to apply for a job like ""Medical Assistant - Neuro Epilepsy Center"" at Swedish Medical Center? Apply even if you're not a 100% match. You might be underestimating your value. Click the link in our bio for more info. #health #EmeraldCity","Seattle, WA","47.61 -122.33","-122.33 47.61"
"Want to land a job like ""Cardiac Sonographer"" at Swedish Medical Center? Applicant tracking systems look for specific keywords. Use the right keywords and get your resume in front of the hiring manager. #health #Edmonds, WA","Edmonds, WA","47.8040624 -122.3735496","-122.3735496 47.8040624"
"Want to work at Swedish Medical Center? We're hiring in Seattle, WA! Click the link in our bio for details on this job and more: Administrative Assistant II- Gossman Simulation Center #health #EmeraldCity","Seattle, WA","47.61 -122.33","-122.33 47.61"
"Join the Swedish Medical Center team! See our latest job opening here: https://t.co/0TGNFDn6cU #health #Issaquah, WA","Issaquah, WA","47.5301011 -122.0326191","-122.0326191 47.5301011"
"Want to work at Swedish Medical Center? We're hiring in Seattle, WA! Click for details: https://t.co/LwdeqMgPWg #health #EmeraldCity","Seattle, WA","47.61 -122.33","-122.33 47.61"
"If you're looking for work in #Irvine, CA, check out this #health job via the link in our bio: General Clerk at St. Joseph Health","Irvine, CA","33.6913751 -117.7901088","-117.7901088 33.6913751"
"Don't be shy. Score a job like ""Nursing Assistant I - Definitive Step Down Unit, Per Diem, Nights, 12 Hours"" at St. Joseph Health by asking for referrals. It's a great way to get a meeting with HR. Check out the link in our bio to apply. #health #Orange, CA","Orange, CA","33.81 -117.83","-117.83 33.81"
"If you're looking for work in #Napa, CA, check out this job: https://t.co/hs47H46hxT #health","Napa, CA","38.3 -122.28","-122.28 38.3"
"When you fall in love with you again <U+0001F4AA><U+0001F3FE><U+0001F4AA><U+0001F3FE><U+0001F4AA><U+0001F3FE> #health #fitness #fit #TFLers #fitnessmodel #fitnessaddict #fitspo #workout #bodybuilding #cardio #gym #train #training #photooftheday #healthâ€¦ https://t.co/AYvZGLoHT1","Palm Beach Gardens, FL","26.83653354 -80.13141105","-80.13141105 26.83653354"
"When you fall in love with you again <U+0001F4AA><U+0001F3FE><U+0001F4AA><U+0001F3FE><U+0001F4AA><U+0001F3FE> #health #fitness #fit #TFLers #fitnessmodel #fitnessaddict #fitspo #workout #bodybuilding #cardio #gym #train #training #photooftheday #healthâ€¦ https://t.co/Km7he1lwkf","Palm Beach Gardens, FL","26.83653354 -80.13141105","-80.13141105 26.83653354"
"My mood when I not only start to see results but how I feel inside when ppl compliment me on my results!!! <U+0001F483><U+0001F3FE><U+0001F4AA><U+0001F3FE><U+0001F483><U+0001F3FE><U+0001F4AA><U+0001F3FE><U+0001F483><U+0001F3FE><U+0001F4AA><U+0001F3FE> #health #fitness #fit #TFLers #fitnessmodel #fitnessaddict #fitspoâ€¦ https://t.co/n8fwA2sItZ","Palm Beach Gardens, FL","26.8389 -80.1287","-80.1287 26.8389"
"<U+0001F969><U+0001F969><U+0001F969>.
.
.
Pullin 650+ August 10th.
.
.
.
 #Roadto650 #liftsquad #fitness #muscle #strength #power #powerlifting #back #lats #gainz #gym #health #movement #exercise #getfit #weight #fitâ€¦ https://t.co/I9KmlrYAzU","Houston, TX","29.7602 -95.3694","-95.3694 29.7602"
"Morning session in the bag all smiles no frowns just stay Tuned In Fit!!!! 
-
#health #motivation #fitnessmotivation #gymlife #instafit #eatclean #healthylifestyle #love #workoutâ€¦ https://t.co/lpBY3ca6ZW","Arizona, USA","33.5676749 -112.1678699","-112.1678699 33.5676749"
"Current mood <U+0001F4AF> Gloomy weather always makes me happy <U+2764><U+0001F327><U+2614> #Rain #Gloomy #Dark #Favorite #Weather #Wet #LosAngeles #California #City #Love #Happy #Smile #Health #Wellnessâ€¦ https://t.co/9ztVMIEDhO","Los Angeles, CA","34.0522 -118.243","-118.243 34.0522"
"Yes SHE does! and by SHE I mean we. Canâ€™t wait to see you at FIM tonight. <U+0001F618> #gain #girlwithmuscles #committment #gymshark #fitnessgirl Iâ€™m #weightloss #balancedbody #gymmotivation #healthâ€¦ https://t.co/0p0Q5zCAsJ","Indianapolis, IN","39.77276918 -86.0013956","-86.0013956 39.77276918"
"Don't be shy. Score a job like ""Pharmacy Technician - Pharmacy, Full Time/Part Time/Per Diem, Day, 8 Hours"" at St. Joseph Health by asking for referrals. It's a great way to get a meeting with HR. Check out the link in our bio to apply. #health #LagunaBeach, CA","Laguna Beach, CA","33.5441062 -117.7820073","-117.7820073 33.5441062"
"4/31
â€¢
â€¢
#sweat #goals #fitand40 #fitness #health #wellness #mental #emotional #physical #cardio #justdoit  #nike #girlsthatlift #womenrock #weighttraining #stairmaster #fitgirlsâ€¦ https://t.co/N1FgEPpn45","Vancouver, WA","45.64338182 -122.59854756","-122.59854756 45.64338182"
"#livelifetothefullest #lifequote #qualityoflife #maketodaycount<U+0001F4AF> #health #livelovelaugh #quoteoftheday #quotesandsayings #quotesaboutlife #foodforthought @ Toronto, Ontario https://t.co/5cbn04V7qH","Toronto, Ontario","43.7166 -79.3407","-79.3407 43.7166"
"Looking to score a job at Providence Health &amp; Services? You're in luck. Click the link in our bio for the job description and information on how to apply: Registrar (On Call) #health #Portland, OR","Portland, OR","45.5220648 -122.6757228","-122.6757228 45.5220648"
"<U+2728> Rp from bruja_warrior  -  Come together intimately with a circle of sisters to learn about steaming as self-care #ritual for better overall reproductive #health and more <U+2665><U+FE0F> pleaseâ€¦ https://t.co/2uKJPS57r1","Lomita, CA","33.7934 -118.316","-118.316 33.7934"
"Hard work and determination will pay off!!! <U+0001F44C><U+0001F3FD><U+0001F4AA><U+0001F3FD><U+2764><U+FE0F><U+0001F4A6> #fitlikebrit #bodygoals #fitness #health #determination #beauty @ Dallas, Texas https://t.co/pY7H4GRV9j","Dallas, TX","32.7774 -96.7977","-96.7977 32.7774"
"All Ready for a hot sunny vacation <U+2600><U+FE0F> 
Looking forward to fresh fruit, tacos, daily workouts and vitamin D.
.
Catch ya on the beach! <U+0001F3D6><U+0001F3D6><U+0001F3D6>
.
.
.
#mexico #vacation #health #wellnessâ€¦ https://t.co/BWVx115axA","Calgary, Alberta","51.13225781 -114.01191433","-114.01191433 51.13225781"
"https://t.co/m5nUMnpwAI
#fitnessmotivation #fitness #lifestyle #gym #fit #workout #motivation #bodybuilding #fitfam #gymlife #fitnessmodel #muscle #health #fitspo #training #healthyâ€¦ https://t.co/ofXcaQhMZM","Port St Lucie, FL","27.31588 -80.38949","-80.38949 27.31588"
"Ha. Get your vocab up. Pick up a book. #nobitchassness 
-
-
We're workin over here. RAISE THE BAR!! #motivation #musclehustle #health #fitness #nutrition #physique #workoutideasâ€¦ https://t.co/ZnI6GDrtN8","Los Angeles, CA","34.17529 -118.5501","-118.5501 34.17529"
"#message 
-
-
We're workin over here. RAISE THE BAR!! #motivation #musclehustle #health #fitness #nutrition #physique #workoutideas #personaltrainer #meatheals #apexpredator #dadbodâ€¦ https://t.co/dOYuJUqRAq","Los Angeles, CA","34.1689 -118.611","-118.611 34.1689"
"<U+26A0><U+FE0F>Love <U+2764><U+FE0F> is the answer to all problems <U+0001F4AF>

#legacy #enlightened #spiritual #health #wealth #love #happiness #freedommovement #goodlifeclub #luxurylife #lawofattraction #thesecretâ€¦ https://t.co/EzxcKb6YMO","Manhattan, NY","40.7142 -74.0064","-74.0064 40.7142"
"<U+26A0><U+FE0F>Itâ€™s recommended to try it <U+0001F4AF>

#legacy #enlightened #spiritual #health #wealth #love #happiness #freedommovement #goodlifeclub #luxurylife #lawofattraction #thesecret #cryptotradingâ€¦ https://t.co/k32Itg5N2i","Manhattan, NY","40.7142 -74.0064","-74.0064 40.7142"
"The beauty of a woman must be seen from in her eyes, because that is the doorway to her heart, the place where love resides.

#legacy #enlightened #spiritual #health #wealth #loveâ€¦ https://t.co/8xSNyz9mQ1","Manhattan, NY","40.7142 -74.0064","-74.0064 40.7142"
"Donâ€™t Why me;  Listen to the Doctor for knowledge and health #enlightened #spiritual #health #wealth #love #happiness #freedommovement #goodlifeclub @ New York, New York https://t.co/88zl7JHF7m","Manhattan, NY","40.7142 -74.0064","-74.0064 40.7142"
"Back at it today with @davidramsphoto at my favorite place to work Neurosport Physical Therapy!
â€¢
â€¢
â€¢
<U+0001F4F8> @davidramsphoto
â€¢
â€¢
â€¢
#health #wellness #physicaltherapy #functionaltrainingâ€¦ https://t.co/oe7ze80E4f","Woodstock, GA","34.08807 -84.48168","-84.48168 34.08807"
"Our mission is to accelerate healing, restore #health and improve life. We encourage all #healthcare professionals to submit their qualifications to one of our open jobs. Would this be a fit for you? Registered Nurse - PRN https://t.co/6WSs59zBux","Florida, USA","27.301922 -82.4462696","-82.4462696 27.301922"
"Give health a shot - itâ€™s wheatgrass Wednesday $2.00 shots - alkalinize your body with the power of wheatgrass #wheatgrass #health @ Life Bar https://t.co/xyPQdiwMwy","Louisville, KY","38.25212 -85.65901","-85.65901 38.25212"
"Motivational Mike time!!! Letâ€™s get it!!! <U+0001F4A5><U+0001F44F><U+0001F4AA><U+0001F3FD>
.
.
.
.
.
#fitfam #fitlife #fitover40 #fitdad #over40andfit #fitafter40 #workout #motivation #fitnesslife #fitnessmotivation #healthâ€¦ https://t.co/kQOLMzGtxt","Calgary, Alberta","51.045 -114.057","-114.057 51.045"
"Are you looking for a new career opportunity? Apply as a Patient Services Representative - Gastroenterology Clinic in Seattle, WA Endless opportunities await! Learn more and explore today! https://t.co/mjiLScualH #SwedishJobs #health","Seattle, WA","47.61 -122.33","-122.33 47.61"
"Join the Swedish Medical Center team! See our latest job opening here: https://t.co/7T7tKz4s0X #SwedishJobs #health","Seattle, WA","47.61 -122.33","-122.33 47.61"
"Are you looking for a new career opportunity? Apply as a Central Services Technician in Issaquah, WA Endless opportunities await! Learn more and explore today! https://t.co/4AigL7YkUL #SwedishJobs #health","Issaquah, WA","47.5301011 -122.0326191","-122.0326191 47.5301011"
"A #healthylifestyleÂ is one which helps to keep and improve people'sÂ #healthÂ and well-being. #BelieveInHealthyLife #FeelAlive #Happiness #NeolifePro @ Middle Village, New York https://t.co/LCMdqSgE0V","Queens, NY","40.71108823 -73.87373219","-73.87373219 40.71108823"
"It is our goal to deliver exceptional patient experiences and maximize #health, healing and recovery for the patients and families we serve. Ready to make a positive change? Apply for our latest opening: Registered Nurse - Day Shift https://t.co/lCprBJxLpq #Miamisburg, OH","Miamisburg, OH","39.6374919 -84.2486732","-84.2486732 39.6374919"
"And just like that, another new year &amp; a new moon! <U+0001F31A> 

.
.
.
.
.
#Pronoia1111Skincare #Skincare #beautiful #health #PhotoOfTheDay #makeup #PicOfTheDay #happy #Mystical #cosmeticsâ€¦ https://t.co/pQl40JpfVX","Miami, FL","25.71508677 -80.25018646","-80.25018646 25.71508677"
"Be mindful of what you are mentally feeding yourself. Your thoughts determine your day. #life #health #happiness #choices #action #mindful #thoughts #success #focus #itbeginsinthemindâ€¦ https://t.co/sE4Ed5cbJv","Chico, CA","39.7263 -121.8358","-121.8358 39.7263"
"Leg day the sequel. #gym #workout #legday #fitness #life #health #goidgirls #choices #action #love #success #howwedotuesdays #wonpeaceinstitute #chico #california #stronggirls @ Chico,â€¦ https://t.co/jPPeJABTzD","Chico, CA","39.7263 -121.8358","-121.8358 39.7263"
"Hereâ€™s to good vibes &amp; good people.<U+2764><U+FE0F><U+2764><U+FE0F> #wellness #physio #chiro #massage #fitness #health #live #love #ptbocanada @ Peterborough, Ontario https://t.co/zg3iPK8Dp1","Peterborough, Ontario","44.30592 -78.3195","-78.3195 44.30592"
"Remember to dance in the rain....

#fitnessgirl #gym #fitgirls #workout #motivation #fitnessmotivation #bodybuilding #training #love #instagood #like #lifestyle #health #gymlife #healthyâ€¦ https://t.co/EPYIAKP3Ou","Leisure City, FL","25.494 -80.4362","-80.4362 25.494"
"A Wild Mint bonbon nestled between two of our ultimate Salted Caramels. Hold the mayo. Now thatâ€™s my type of sandwich!
.
.
.
.
#marsattachocolate #chocolate #health #vip #sandwichâ€¦ https://t.co/KsIXEBN1ap","Torrance, CA","33.84827239 -118.36245337","-118.36245337 33.84827239"
"#marijuana #goodsex #goodnight #forgot #laughter #openmind #health #nopills #plant #natural 
They always told me #weed would lead me to other harder drugs 
But nope,  I haveâ€¦ https://t.co/nZqjCuaSwZ","Las Vegas, NV","36.1675 -115.149","-115.149 36.1675"
"#joint #lightitup #passone #weed #420 #education #health #nojudgement #alllove 
#redhead #babyblues #wefancy #confidence 
Let's just pass the joint and have a good time yallâ€¦ https://t.co/EdySNxcs93","Las Vegas, NV","36.1675 -115.149","-115.149 36.1675"
"Happiness equals health #health @ East Wenatchee, Washington https://t.co/TZtm3nD61b","East Wenatchee, WA","47.4215 -120.288","-120.288 47.4215"
"We're hiring! Read about our latest job opening here: Environmental Protection Specialist (0028) - https://t.co/rhaRWKZQFR #Safety #Health","Detroit, MI","42.331427 -83.0457538","-83.0457538 42.331427"
"#positive #love #happy #motivation #inspiration #life #positivevibes #success #quotes #instagood #lifestyle #smile #goals #happiness #goodvibes #quote #positivity #health #entrepreneurâ€¦ https://t.co/sgxH5Xmzxt","Chicago, IL","41.89972222 -87.65","-87.65 41.89972222"
"#opportunity #wellness #makeup #millionaire #dream #passion #faith #successful #ambition #luxury #health #mlm #girlboss #momlife #monday #boss #successquotes #motivationalquotesâ€¦ https://t.co/KcRmo8bkye","Chicago, IL","41.89972222 -87.65","-87.65 41.89972222"
"Be grateful for all the little things. Life is not about wealth, materials or fame. It's about #Family #Health &amp; #Love #GodisGood <U+0001F64F><U+0001F3FD> #RealTalk @ Porter Ranch,â€¦ https://t.co/zfOV5VCnTK","Los Angeles, CA","34.2752 -118.55","-118.55 34.2752"
"â€”â€”â€”â€”â€”â€”â€”â€”â€”â€”â€”â€”â€”â€”â€”â€”â€” <U+0001F4AA><U+0001F3FC><U+0001F4AA><U+0001F3FC>
#takecare #body #home #temple #fitlife #motivation #determination #inspiration #isagenix #isabody #isalean #isacleanse #isalifestyle #health #isaliving #stayfitâ€¦ https://t.co/8cjbuw5XyF","Garfield, NJ","40.8812 -74.1133","-74.1133 40.8812"
"Working hard at vannuys_crunch 
.
.
.
#fitgetsreal<U+0001F4AA> #fitness #exercise #workit #workout #workinprogress #cardio #healthyliving #health #getfit @ Crunch Fitness https://t.co/OXNFoG6Z5W","Los Angeles, CA","34.1927533 -118.4491022","-118.4491022 34.1927533"
"Seeing #roaches  or #bugs ? Many people do not have the  #awareness of what #health risks these pests can have in your #home  / #house  . #protect  your #family and #children . Callâ€¦ https://t.co/HjjowAvj3G","South Daytona, FL","29.1717838 -81.0259005","-81.0259005 29.1717838"
"Dreams confirms what one really knows about something, and what one feels. #dreams point you toward what you need for #growth , #integration , #expression , and the #health of yourâ€¦ https://t.co/S8H84G8m81","Plainview, NY","40.79285 -73.46508","-73.46508 40.79285"
"Good night 
 #HTers #HashTags #active #bodybuilding #cardio #cleaneating #determination #diet #eatclean #exercise #fit #fitness #fitnessaddict #fitnessmodel #fitspo #getfit #gym #healthâ€¦ https://t.co/Gp4IqLuUUA","Kansas, USA","40 -100","-100 40"
"I #Thanks #God for #all in my #life like #example #health #wise #love and so one @ Haiti https://t.co/ppajhqrL6l","Haiti","19.1 -72.33","-72.33 19.1"
"Try EVERYTHING! Figure out what you love!!
#idriselba 
#detox #detoxtea #tedivina #vidadivina #healthy #weightloss #transformation #health #fitness #transformationtuesday #coffeeâ€¦ https://t.co/PhvYlC0wxf","Ontario, CA","34.0261 -117.6241","-117.6241 34.0261"
"Youâ€™ll only see me spreading the Love and @candycoatednail. Sistas get right so you donâ€™t get left. #spreadingthehealth #spreadinglove #fitness #health #community <U+0001F4F8>: @Str8LikeThat89 @ Camâ€¦ https://t.co/sUxRuER8XH","Atlanta, GA","33.74809 -84.39668","-84.39668 33.74809"
"Transformation Tuesday <U+0001F525><U+0001F4AA><U+0001F3CB><U+0001F3FB><U+200D><U+2640><U+FE0F> Check This Out!!!

#LiftLoveLive #LiveFit #bootcamp #Florida #fitmom #fitlife #fitnessmotivation #exercise #health #fitness #motivation #motivateâ€¦ https://t.co/yHc6AsAFOi","Bayonet Point, FL","28.3347702 -82.6977768","-82.6977768 28.3347702"
"Just came today, very fast from @bodybuildingcom very excited to try @KagedMuscleLLC BCAAs started from the legend himself Mr. @kagedmuscle  #supplements #fitness #health #dtpâ€¦ https://t.co/vuHtdN8lLB","Westwood, NJ","40.9885 -74.0307","-74.0307 40.9885"
"The working out and effort to eat healthy is not quite as difficult as overcoming the mental obstacles...
<U+0001F61F><U+0001F3CB><U+0001F3FD><U+200D><U+2642><U+FE0F>
.
#BigGuyInstagram #SelfMotivation #GymSelfie #GymLife #Fitness #Healthâ€¦ https://t.co/WwvikPEJyI","Atlanta, GA","33.739743 -84.416138","-84.416138 33.739743"
"WED MARCH 6, 2019 - CROSSFIT  https://t.co/jxscIwlvaI  #CFComposure #CrossFit #Health #Fitness #Boise #BuildYourBody #USAW","Boise, ID","43.57210511 -116.19088895","-116.19088895 43.57210511"
"Cream of Tomato with Garlicky Almond Bread Croutons. 
#keto #lowcarbhighfat #lowcarb #healthycooking #healthyeating #health #delicious #yum #food #foodie #cook #cooking #homecookâ€¦ https://t.co/7wpqgdUP0R","Saskatoon, Saskatchewan","52.1266 -106.6612","-106.6612 52.1266"
"The hardest part about working out is getting my ass to the gym. How do you motivate yourself ?
.
.
.
#fitness #gym #motivation #fit #bodybuilding #training #healthy #fitspo #healthâ€¦ https://t.co/pf023Rh9pM","Chicago, IL","41.883222 -87.632496","-87.632496 41.883222"
"Nervous to apply for a job like ""Clinical Registered Nurse (Pediatrics experience highly preferred)"" at St. Joseph Health? Apply even if you're not a 100% match. You might be underestimating your value. Click the link in our bio for more info. #health #YorbaLinda, CA","Yorba Linda, CA","33.9011405 -117.7959713","-117.7959713 33.9011405"
"Near 19hour intermittent fast today!<U+0001F60A> #IF #lifefastingapp #fasting #intermittentfasting #fatloss #health @ Castro Valley, California https://t.co/40fT6s09Cq","Castro Valley, CA","37.695 -122.0739","-122.0739 37.695"
"<U+0001F633><U+0001F633><U+0001F633><U+0001F622><U+0001F622><U+0001F622> My Lord donâ€™t do it to me. #vegetarian #vegan #meat #dairy #change #imnotperfect #knowbetterdobetter  #yikes #cravings #health #letgo @ Huntsville, Alabama https://t.co/gFQCY8rnaL","Huntsville, AL","34.7123 -86.5963","-86.5963 34.7123"
"St. Joseph Health is hiring in Napa, CA! Read about our latest #health job opening via the link in our bio: Lead Palliative Care Social Worker #palliative","Napa, CA","38.3 -122.28","-122.28 38.3"
"Learned self injection <U+2695><U+FE0F> 
Glad this is covered <U+0001F4B2>
#meds #health #Canadian #healthcare #medical @ Shoppers Drug Mart https://t.co/I4rptf45nB","Ottawa, Ontario","45.35511014 -75.64464033","-75.64464033 45.35511014"
"Finishing The Night Right W/ Coach Andrew<U+0001F94A>Let Out Some Aggression &amp; Stimulate The Shred<U+0001F4AA><U+0001F3FB>Every Week 5:45pm &amp; Saturdayâ€™s 10am, Contact For More Info<U+0001F44F><U+0001F3FB> #studio #fitness #boutique #healthâ€¦ https://t.co/z1Fco0uNSs","Fairport, NY","43.10644 -77.44104","-77.44104 43.10644"
"<U+26A1><U+FE0F><U+0001F94A> another day of mma training
.
.
.
.
.
.
.
.
.
.
.
.
.
.
.
.
.

.
.
.
.
.
#health #workout #bjj #exercise #mmatraining #boxinglife #fightlife #jiujitsukids #boxingworkout #mmafighterâ€¦ https://t.co/XLWdu3EVhI","St Petersburg, FL","27.7706 -82.6794","-82.6794 27.7706"
"Nervous to apply for a job like ""Community Planner"" at Federal Aviation Administration? Apply even if you're not a 100% match. You might be underestimating your value. Click the link in our bio for more info. #Safety #Health","Atlanta, GA","33.7489954 -84.3879824","-84.3879824 33.7489954"
"This job might be a great fit for you: Community Planner - https://t.co/1rB8bEEKL8 #Safety #Health","Atlanta, GA","33.7489954 -84.3879824","-84.3879824 33.7489954"
"#gymlife #workout #fitnessaddict #mensfashion #fashionista #bodybuilding #gymmotivation #friends #black #happy #muscle #smile<U+0001F60A> #health #luxurylife #fashion #life #body #fit #strongâ€¦ https://t.co/fhr80Fq6Sy","Paradise, NV","36.1096802 -115.174166","-115.174166 36.1096802"
"Nervous to apply for a job like ""Physician Assistant Cardiothoracic Surgery"" at Providence Health &amp; Services? Apply even if you're not a 100% match. You might be underestimating your value. Click the link in our bio for more info. #health #Missoula, MT","Missoula, MT","46.8500521 -113.9869641","-113.9869641 46.8500521"
"PESFIT 

Power Endurance System 
â€œHealth &amp; Performanceâ€ 

No matter your goals, we got you! 

#pesfit #gym #health #weightloss #youthathletics #personaltraining #yoga #mma #conditioningâ€¦ https://t.co/qR8cKPcs7v","Virginia, USA","37.37104 -76.77664","-76.77664 37.37104"
"Iâ€™m so excited for this!
<U+2800><U+2800><U+2800><U+2800>
#optimizingnutritionthroughexercise
#nutrition #exercise #health #cardio #push #kinesiology #uoft #universityoftoronto @ Goldring Centre for High Performanceâ€¦ https://t.co/QMwqF78IOt","Toronto, Ontario","43.66694444 -79.39833333","-79.39833333 43.66694444"
"Melia. Another sweet child eating a free healthy meal this week.  So adorable.  Her family was celebrating a birthday.  #healthyfood #nutritionmonth #health #plantbased @ GreenSpace Cafe https://t.co/Caif9mQrTP","Ferndale, MI","42.46023466 -83.13653085","-83.13653085 42.46023466"
"Want to work in #Olympia, WA? View our latest opening: https://t.co/lbQBJ1SklJ #health","Olympia, WA","47.04 -122.89","-122.89 47.04"
"Providence Health &amp; Services is hiring in #Olympia, WA! Read about our latest #health job opening via the link in our bio: MRI Technologist","Olympia, WA","47.04 -122.89","-122.89 47.04"
"How to relax muscles before getting adjusted?! Do you prefer a machine or would you rather have a massage? Share your preference with us #wellness #tuesdaymotivation #healthâ€¦ https://t.co/VdsTtK1Ix8","Portland, OR","45.53292 -122.62846","-122.62846 45.53292"
"el lÃ­mite del perro #draw #ilustracion #perro #sick #inkdrawing #risk #deathvalley #mexico #lonely #bdsm #party en Mexico City, Mexico https://t.co/e8RgK64yvS","CuauhtÃ©moc, Distrito Federal","19.4326 -99.1332","-99.1332 19.4326"
"Don't submit then quit. Apply for jobs like ""Principal Network Engineer"" at St. Joseph Health, then look for people you might know at the company. You might be able to reach out to HR directly. Ready to apply? Check out the link in our bio. #health #SinCity","Las Vegas, NV","36.1462673 -115.1829873","-115.1829873 36.1462673"
"Your already on social media, ya might as well make some money 
#ctfo #cbd #residualincome #investment #weightloss #industry #socialmedia #insatagram #health @ Wakefield, Massachusetts https://t.co/WQVcVkhLIt","Wakefield, MA","42.5013 -71.0713","-71.0713 42.5013"
"This is what my lunch break looks like. What does yours look like? 
.
.
.

#fitnessmotivation #fitness #fitdad #fitaddict #sweat #wod #gym #health #smartchoices #nike #training #swooshâ€¦ https://t.co/mImdyOQoyT","Manhattan, NY","40.7662001 -73.9628013","-73.9628013 40.7662001"
"VNSNY offers comprehensive benefits to help you take charge of your #health and that of your family. Apply to our new open job and read more about additional benefits and #workperks here: Per Diem Psychiatric Social Worker, Bronx Mobile Crisis Team https://t.co/rhvOod4eO2","Bronx, NY","40.8447819 -73.8648268","-73.8648268 40.8447819"
"Stocked. 
-
-
-
-
-
-
#mindfulness #fullfridge #vegan #veganfood #veganrecipes #veggies #vegetables #avocado #health #food #yum #abundance #like #eat #foodie #insta #instapic #instadailyâ€¦ https://t.co/XQReyHixVc","Worcester, MA","42.3 -71.8","-71.8 42.3"
"#sick @ Oakland, California https://t.co/V6auZoRuHl","Oakland, CA","37.8029 -122.2721","-122.2721 37.8029"
"#awesome is having tissuepuffs delivered to your door on a #sick day. Feeling #grateful my hubby surprised me with a @shipt subscription for the year. <U+0001F49C> #gethealthy #breathe @â€¦ https://t.co/AGGB0spK0d","Chesterfield, MO","38.6534 -90.5543","-90.5543 38.6534"
"Dear 50 lb. sandbag,
You ain't nothin.'
Sincerely, Me <U+0001F4AA><U+0001F3FC>
.
#thisis44 #workout #fitness #health #wellness #strength #strong #heavyish #sandbag #gymtime #work #carry #lunge #row #ergskierâ€¦ https://t.co/mffKVDOvsS","Oakland, CA","37.805349 -122.2907131","-122.2907131 37.805349"
"WASSUP Yâ€™ALL WE GOT A MUTHALOVINâ€™ #STACHEBATTLE IN DA HOUSE! #SICK Thatâ€™s rightâ€” we need YOU to vote on whose â€˜stache reigns supreme, and whose shaver-favored flavor savor needs to beâ€¦ https://t.co/fw7KTg9LC9","Atmore, AL","31.01333 -87.48763","-87.48763 31.01333"
"Tuesday thoughts. #inspiration #success #health #wellness #trusttheprocess #stress #focus #discipline #wisdom #nepa #wilkesbarre #kingstonpa #scranton #poconos @ Power Chiropractic Healthâ€¦ https://t.co/iRCnu5J5r2","Pennsylvania, USA","41.2345256 -75.9244453","-75.9244453 41.2345256"
"Feeling so much #gratitude and #love after an amazing weekend of Level 2 training with @warriorsatease  at guiding_wellness in order to support the #health and #healing of service members,â€¦ https://t.co/wOe5IRMHZF","Fayetteville, NC","35.0381 -79.01358","-79.01358 35.0381"
"@jtabtraining back at it! <U+0001F4AA><U+0001F4AA> #health @ Onelife Fitness - Crabapple https://t.co/dsKuaGDgqq","Alpharetta, GA","34.0825699 -84.3557","-84.3557 34.0825699"
